rt,correct,model,final_boundary
1614.9999999999714,1,Classical DDM,
1040.0000000000005,0,Classical DDM,
1858.9999999999445,0,Classical DDM,
969.0000000000005,0,Classical DDM,
1244.0000000000007,1,Classical DDM,
2662.9999999998563,0,Classical DDM,
1172.0000000000007,1,Classical DDM,
894.0000000000003,1,Classical DDM,
1271.000000000001,0,Classical DDM,
849.0000000000005,0,Classical DDM,
912.0000000000003,1,Classical DDM,
640.0000000000001,1,Classical DDM,
415.00000000000006,1,Classical DDM,
660.0000000000001,1,Classical DDM,
861.0000000000003,1,Classical DDM,
2090.999999999919,1,Classical DDM,
481.0000000000001,1,Classical DDM,
2398.9999999998854,0,Classical DDM,
749.0000000000003,1,Classical DDM,
1650.9999999999675,0,Classical DDM,
558.0000000000001,1,Classical DDM,
1022.0000000000005,1,Classical DDM,
857.0000000000003,1,Classical DDM,
1561.9999999999773,1,Classical DDM,
478.0000000000001,0,Classical DDM,
783.0000000000003,1,Classical DDM,
2036.999999999925,1,Classical DDM,
1280.0000000000007,1,Classical DDM,
661.0000000000002,0,Classical DDM,
700.0000000000002,0,Classical DDM,
1046.0000000000005,1,Classical DDM,
586.0000000000002,1,Classical DDM,
581.0000000000002,1,Classical DDM,
1170.0000000000007,1,Classical DDM,
865.0000000000003,1,Classical DDM,
649.0000000000002,0,Classical DDM,
2142.999999999913,0,Classical DDM,
838.0000000000003,1,Classical DDM,
1332.0000000000007,0,Classical DDM,
1304.0000000000007,1,Classical DDM,
1104.0000000000005,1,Classical DDM,
720.0000000000002,0,Classical DDM,
768.0000000000002,1,Classical DDM,
1139.0000000000007,1,Classical DDM,
735.0000000000003,1,Classical DDM,
451.00000000000006,0,Classical DDM,
1762.999999999955,1,Classical DDM,
1105.0000000000005,0,Classical DDM,
564.0000000000001,0,Classical DDM,
651.0000000000002,0,Classical DDM,
1567.9999999999766,1,Classical DDM,
664.0000000000001,1,Classical DDM,
1313.0000000000007,1,Classical DDM,
1012.0000000000005,1,Classical DDM,
456.00000000000006,0,Classical DDM,
1735.999999999958,1,Classical DDM,
614.0000000000001,0,Classical DDM,
534.0000000000001,0,Classical DDM,
1525.9999999999811,1,Classical DDM,
753.0000000000003,1,Classical DDM,
1004.0000000000005,1,Classical DDM,
1329.0000000000007,1,Classical DDM,
497.0000000000001,1,Classical DDM,
797.0000000000003,1,Classical DDM,
1927.9999999999368,1,Classical DDM,
884.0000000000003,1,Classical DDM,
1784.9999999999527,1,Classical DDM,
785.0000000000003,1,Classical DDM,
1025.0000000000005,0,Classical DDM,
1106.0000000000005,1,Classical DDM,
626.0000000000001,1,Classical DDM,
2528.9999999998713,1,Classical DDM,
1445.99999999999,1,Classical DDM,
1144.0000000000007,1,Classical DDM,
749.0000000000003,1,Classical DDM,
477.0000000000001,1,Classical DDM,
739.0000000000003,1,Classical DDM,
737.0000000000003,0,Classical DDM,
485.0000000000001,1,Classical DDM,
2045.9999999999238,0,Classical DDM,
1023.0000000000006,0,Classical DDM,
978.0000000000005,1,Classical DDM,
1217.0000000000005,1,Classical DDM,
1406.9999999999943,0,Classical DDM,
2131.9999999999145,1,Classical DDM,
647.0000000000002,1,Classical DDM,
1362.999999999999,1,Classical DDM,
581.0000000000002,0,Classical DDM,
841.0000000000005,1,Classical DDM,
3282.999999999788,1,Classical DDM,
629.0000000000002,1,Classical DDM,
447.00000000000006,1,Classical DDM,
452.00000000000006,1,Classical DDM,
1315.000000000001,1,Classical DDM,
1195.0000000000007,1,Classical DDM,
967.0000000000005,1,Classical DDM,
721.0000000000003,0,Classical DDM,
1402.9999999999948,1,Classical DDM,
772.0000000000002,1,Classical DDM,
583.0000000000002,0,Classical DDM,
1677.9999999999643,1,Classical DDM,
1971.999999999932,1,Classical DDM,
1924.9999999999372,1,Classical DDM,
854.0000000000003,1,Classical DDM,
1426.999999999992,1,Classical DDM,
645.0000000000002,1,Classical DDM,
1146.0000000000007,0,Classical DDM,
926.0000000000003,1,Classical DDM,
1099.0000000000007,1,Classical DDM,
1340.0000000000007,1,Classical DDM,
886.0000000000003,1,Classical DDM,
3678.9999999997444,1,Classical DDM,
606.0000000000001,0,Classical DDM,
461.00000000000006,1,Classical DDM,
3383.999999999777,1,Classical DDM,
1430.9999999999916,0,Classical DDM,
1985.9999999999304,1,Classical DDM,
548.0000000000001,0,Classical DDM,
1235.0000000000007,1,Classical DDM,
610.0000000000001,1,Classical DDM,
568.0000000000002,1,Classical DDM,
775.0000000000003,1,Classical DDM,
1239.0000000000007,1,Classical DDM,
787.0000000000003,0,Classical DDM,
971.0000000000005,1,Classical DDM,
587.0000000000002,0,Classical DDM,
1272.0000000000007,1,Classical DDM,
2051.999999999923,1,Classical DDM,
756.0000000000002,1,Classical DDM,
928.0000000000003,1,Classical DDM,
1650.9999999999675,0,Classical DDM,
724.0000000000002,1,Classical DDM,
492.0000000000001,1,Classical DDM,
723.0000000000003,1,Classical DDM,
2373.999999999888,0,Classical DDM,
1521.9999999999816,1,Classical DDM,
548.0000000000001,1,Classical DDM,
1312.0000000000007,0,Classical DDM,
735.0000000000003,0,Classical DDM,
600.0000000000001,1,Classical DDM,
1020.0000000000005,0,Classical DDM,
868.0000000000003,1,Classical DDM,
543.0000000000001,0,Classical DDM,
707.0000000000003,1,Classical DDM,
579.0000000000002,0,Classical DDM,
1156.0000000000007,1,Classical DDM,
508.0000000000001,1,Classical DDM,
741.0000000000003,0,Classical DDM,
2732.9999999998486,1,Classical DDM,
762.0000000000002,0,Classical DDM,
775.0000000000003,1,Classical DDM,
3431.9999999997717,1,Classical DDM,
1951.9999999999343,1,Classical DDM,
2777.9999999998436,0,Classical DDM,
599.0000000000002,1,Classical DDM,
1019.0000000000006,1,Classical DDM,
1041.0000000000005,1,Classical DDM,
525.0000000000001,0,Classical DDM,
2920.999999999828,0,Classical DDM,
448.00000000000006,1,Classical DDM,
898.0000000000003,1,Classical DDM,
462.00000000000006,1,Classical DDM,
579.0000000000002,1,Classical DDM,
832.0000000000003,1,Classical DDM,
1268.0000000000007,1,Classical DDM,
770.0000000000002,1,Classical DDM,
802.0000000000002,1,Classical DDM,
502.0000000000001,0,Classical DDM,
2303.9999999998954,1,Classical DDM,
999.0000000000005,1,Classical DDM,
806.0000000000002,1,Classical DDM,
1143.0000000000007,0,Classical DDM,
1035.0000000000007,1,Classical DDM,
1158.0000000000007,0,Classical DDM,
890.0000000000003,1,Classical DDM,
597.0000000000002,1,Classical DDM,
479.0000000000001,0,Classical DDM,
589.0000000000002,1,Classical DDM,
1189.0000000000005,1,Classical DDM,
1228.0000000000007,0,Classical DDM,
831.0000000000005,1,Classical DDM,
520.0000000000001,1,Classical DDM,
815.0000000000003,1,Classical DDM,
1444.99999999999,1,Classical DDM,
1277.0000000000007,0,Classical DDM,
1311.000000000001,1,Classical DDM,
791.0000000000003,1,Classical DDM,
1109.0000000000005,1,Classical DDM,
798.0000000000002,0,Classical DDM,
916.0000000000003,0,Classical DDM,
927.0000000000003,1,Classical DDM,
529.0000000000001,1,Classical DDM,
3346.999999999781,1,Classical DDM,
866.0000000000003,0,Classical DDM,
785.0000000000003,1,Classical DDM,
456.00000000000006,1,Classical DDM,
591.0000000000002,0,Classical DDM,
668.0000000000001,1,Classical DDM,
1461.9999999999882,0,Classical DDM,
1282.0000000000007,1,Classical DDM,
1318.0000000000007,1,Classical DDM,
955.0000000000005,1,Classical DDM,
847.0000000000005,1,Classical DDM,
677.0000000000002,1,Classical DDM,
568.0000000000002,1,Classical DDM,
755.0000000000003,0,Classical DDM,
1293.0000000000007,0,Classical DDM,
1061.0000000000005,0,Classical DDM,
915.0000000000003,1,Classical DDM,
1180.0000000000007,1,Classical DDM,
730.0000000000002,1,Classical DDM,
1604.9999999999725,1,Classical DDM,
1111.0000000000007,0,Classical DDM,
811.0000000000003,0,Classical DDM,
693.0000000000002,1,Classical DDM,
611.0000000000002,1,Classical DDM,
1831.9999999999475,0,Classical DDM,
1007.0000000000006,1,Classical DDM,
631.0000000000002,1,Classical DDM,
695.0000000000002,1,Classical DDM,
1320.0000000000007,1,Classical DDM,
500.0000000000001,1,Classical DDM,
544.0000000000001,1,Classical DDM,
1348.0000000000007,1,Classical DDM,
1903.9999999999395,1,Classical DDM,
835.0000000000005,1,Classical DDM,
1355.0,0,Classical DDM,
883.0000000000003,1,Classical DDM,
1184.0000000000007,1,Classical DDM,
874.0000000000003,1,Classical DDM,
494.0000000000001,1,Classical DDM,
609.0000000000002,0,Classical DDM,
414.00000000000006,0,Classical DDM,
666.0000000000001,1,Classical DDM,
2157.9999999999113,1,Classical DDM,
552.0000000000001,0,Classical DDM,
692.0000000000002,1,Classical DDM,
635.0000000000002,1,Classical DDM,
602.0000000000001,1,Classical DDM,
1370.9999999999982,1,Classical DDM,
746.0000000000002,0,Classical DDM,
622.0000000000001,1,Classical DDM,
1415.9999999999932,0,Classical DDM,
1304.0000000000007,0,Classical DDM,
722.0000000000002,1,Classical DDM,
1202.0000000000007,0,Classical DDM,
1927.9999999999368,1,Classical DDM,
730.0000000000002,0,Classical DDM,
1918.999999999938,0,Classical DDM,
722.0000000000002,1,Classical DDM,
443.00000000000006,0,Classical DDM,
883.0000000000003,0,Classical DDM,
1368.9999999999984,1,Classical DDM,
590.0000000000002,0,Classical DDM,
1734.9999999999582,1,Classical DDM,
494.0000000000001,0,Classical DDM,
610.0000000000001,0,Classical DDM,
570.0000000000002,0,Classical DDM,
1423.9999999999923,1,Classical DDM,
1315.000000000001,0,Classical DDM,
581.0000000000002,1,Classical DDM,
1870.9999999999432,0,Classical DDM,
593.0000000000002,1,Classical DDM,
918.0000000000003,1,Classical DDM,
1251.0000000000007,0,Classical DDM,
729.0000000000003,1,Classical DDM,
786.0000000000002,0,Classical DDM,
1567.9999999999766,0,Classical DDM,
933.0000000000003,1,Classical DDM,
790.0000000000002,1,Classical DDM,
1365.9999999999989,1,Classical DDM,
1540.9999999999795,1,Classical DDM,
1102.0000000000005,1,Classical DDM,
771.0000000000003,1,Classical DDM,
1427.999999999992,1,Classical DDM,
592.0000000000002,1,Classical DDM,
2405.9999999998845,1,Classical DDM,
562.0000000000001,0,Classical DDM,
745.0000000000003,1,Classical DDM,
694.0000000000002,1,Classical DDM,
502.0000000000001,1,Classical DDM,
615.0000000000002,1,Classical DDM,
1963.999999999933,1,Classical DDM,
567.0000000000002,1,Classical DDM,
638.0000000000001,1,Classical DDM,
711.0000000000003,1,Classical DDM,
475.0000000000001,1,Classical DDM,
497.0000000000001,1,Classical DDM,
1019.0000000000006,0,Classical DDM,
1179.0000000000007,1,Classical DDM,
619.0000000000002,0,Classical DDM,
671.0000000000002,1,Classical DDM,
1682.9999999999638,1,Classical DDM,
738.0000000000002,1,Classical DDM,
738.0000000000002,0,Classical DDM,
503.0000000000001,0,Classical DDM,
1081.0000000000005,1,Classical DDM,
931.0000000000003,1,Classical DDM,
556.0000000000001,1,Classical DDM,
577.0000000000002,0,Classical DDM,
1505.9999999999834,1,Classical DDM,
1280.0000000000007,0,Classical DDM,
611.0000000000002,1,Classical DDM,
1123.0000000000007,0,Classical DDM,
648.0000000000001,1,Classical DDM,
803.0000000000003,1,Classical DDM,
827.0000000000005,1,Classical DDM,
2179.999999999909,1,Classical DDM,
4086.9999999996994,1,Classical DDM,
1653.999999999967,1,Classical DDM,
1139.0000000000007,1,Classical DDM,
599.0000000000002,1,Classical DDM,
867.0000000000003,0,Classical DDM,
958.0000000000005,1,Classical DDM,
517.0000000000001,1,Classical DDM,
1332.0000000000007,1,Classical DDM,
723.0000000000003,0,Classical DDM,
648.0000000000001,1,Classical DDM,
493.0000000000001,1,Classical DDM,
448.00000000000006,0,Classical DDM,
539.0000000000001,0,Classical DDM,
1046.0000000000005,1,Classical DDM,
1377.9999999999975,1,Classical DDM,
832.0000000000003,1,Classical DDM,
2041.9999999999243,1,Classical DDM,
3369.9999999997785,0,Classical DDM,
474.0000000000001,0,Classical DDM,
1860.9999999999443,0,Classical DDM,
1398.9999999999952,1,Classical DDM,
972.0000000000005,0,Classical DDM,
1311.000000000001,1,Classical DDM,
643.0000000000002,1,Classical DDM,
935.0000000000003,1,Classical DDM,
662.0000000000001,1,Classical DDM,
472.0000000000001,1,Classical DDM,
778.0000000000002,1,Classical DDM,
1275.000000000001,0,Classical DDM,
1035.0000000000007,1,Classical DDM,
1018.0000000000005,0,Classical DDM,
1863.9999999999438,0,Classical DDM,
566.0000000000001,1,Classical DDM,
585.0000000000002,0,Classical DDM,
923.0000000000003,1,Classical DDM,
888.0000000000003,1,Classical DDM,
1048.0000000000005,1,Classical DDM,
1464.999999999988,1,Classical DDM,
666.0000000000001,1,Classical DDM,
616.0000000000001,1,Classical DDM,
3068.9999999998117,0,Classical DDM,
712.0000000000002,1,Classical DDM,
1927.9999999999368,1,Classical DDM,
977.0000000000005,1,Classical DDM,
1274.0000000000007,1,Classical DDM,
643.0000000000002,0,Classical DDM,
766.0000000000002,1,Classical DDM,
1170.0000000000007,1,Classical DDM,
499.0000000000001,1,Classical DDM,
1078.0000000000005,1,Classical DDM,
591.0000000000002,1,Classical DDM,
685.0000000000002,1,Classical DDM,
557.0000000000001,1,Classical DDM,
2085.9999999999195,1,Classical DDM,
491.0000000000001,1,Classical DDM,
997.0000000000005,0,Classical DDM,
683.0000000000002,0,Classical DDM,
1062.0000000000005,0,Classical DDM,
1384.9999999999966,1,Classical DDM,
706.0000000000002,1,Classical DDM,
1644.999999999968,1,Classical DDM,
1083.0000000000007,1,Classical DDM,
751.0000000000003,0,Classical DDM,
506.0000000000001,1,Classical DDM,
1674.9999999999648,1,Classical DDM,
2322.9999999998936,1,Classical DDM,
721.0000000000003,1,Classical DDM,
458.00000000000006,0,Classical DDM,
553.0000000000001,1,Classical DDM,
987.0000000000005,1,Classical DDM,
815.0000000000003,1,Classical DDM,
1071.0000000000007,1,Classical DDM,
768.0000000000002,1,Classical DDM,
851.0000000000003,1,Classical DDM,
619.0000000000002,0,Classical DDM,
771.0000000000003,1,Classical DDM,
841.0000000000005,1,Classical DDM,
1397.9999999999952,1,Classical DDM,
1593.9999999999736,0,Classical DDM,
724.0000000000002,1,Classical DDM,
1198.0000000000007,1,Classical DDM,
539.0000000000001,0,Classical DDM,
681.0000000000002,0,Classical DDM,
902.0000000000003,1,Classical DDM,
1249.0000000000005,1,Classical DDM,
469.00000000000006,0,Classical DDM,
801.0000000000003,1,Classical DDM,
1271.000000000001,1,Classical DDM,
1846.9999999999459,0,Classical DDM,
1518.9999999999818,1,Classical DDM,
660.0000000000001,0,Classical DDM,
1295.000000000001,1,Classical DDM,
492.0000000000001,1,Classical DDM,
731.0000000000003,0,Classical DDM,
1347.000000000001,1,Classical DDM,
702.0000000000002,1,Classical DDM,
717.0000000000003,0,Classical DDM,
1321.0000000000007,1,Classical DDM,
2086.9999999999195,0,Classical DDM,
1053.0000000000005,1,Classical DDM,
469.00000000000006,0,Classical DDM,
567.0000000000002,0,Classical DDM,
545.0000000000001,1,Classical DDM,
745.0000000000003,0,Classical DDM,
835.0000000000005,1,Classical DDM,
2023.9999999999263,1,Classical DDM,
734.0000000000002,1,Classical DDM,
845.0000000000005,1,Classical DDM,
1401.9999999999948,1,Classical DDM,
870.0000000000003,1,Classical DDM,
716.0000000000002,0,Classical DDM,
818.0000000000002,1,Classical DDM,
2159.9999999999113,1,Classical DDM,
592.0000000000002,1,Classical DDM,
601.0000000000002,1,Classical DDM,
1552.9999999999782,1,Classical DDM,
637.0000000000002,1,Classical DDM,
566.0000000000001,0,Classical DDM,
528.0000000000001,1,Classical DDM,
636.0000000000001,1,Classical DDM,
998.0000000000005,1,Classical DDM,
463.00000000000006,1,Classical DDM,
1088.0000000000005,0,Classical DDM,
1418.999999999993,1,Classical DDM,
502.0000000000001,1,Classical DDM,
1702.9999999999616,1,Classical DDM,
2105.9999999999172,1,Classical DDM,
1640.9999999999684,1,Classical DDM,
612.0000000000001,1,Classical DDM,
1226.0000000000007,1,Classical DDM,
589.0000000000002,1,Classical DDM,
510.0000000000001,1,Classical DDM,
1650.9999999999675,1,Classical DDM,
2004.9999999999284,1,Classical DDM,
1335.000000000001,1,Classical DDM,
922.0000000000003,1,Classical DDM,
484.0000000000001,1,Classical DDM,
610.0000000000001,1,Classical DDM,
591.0000000000002,1,Classical DDM,
603.0000000000002,0,Classical DDM,
959.0000000000005,1,Classical DDM,
613.0000000000002,0,Classical DDM,
667.0000000000002,0,Classical DDM,
688.0000000000001,0,Classical DDM,
1399.999999999995,1,Classical DDM,
511.0000000000001,0,Classical DDM,
1021.0000000000003,1,Classical DDM,
672.0000000000001,0,Classical DDM,
708.0000000000002,1,Classical DDM,
1036.0000000000005,0,Classical DDM,
753.0000000000003,1,Classical DDM,
673.0000000000002,0,Classical DDM,
667.0000000000002,1,Classical DDM,
481.0000000000001,1,Classical DDM,
735.0000000000003,1,Classical DDM,
539.0000000000001,1,Classical DDM,
675.0000000000002,1,Classical DDM,
1000.0000000000005,0,Classical DDM,
589.0000000000002,0,Classical DDM,
1011.0000000000006,1,Classical DDM,
476.0000000000001,1,Classical DDM,
744.0000000000002,1,Classical DDM,
691.0000000000002,1,Classical DDM,
1784.9999999999527,1,Classical DDM,
1940.9999999999354,0,Classical DDM,
527.0000000000001,1,Classical DDM,
996.0000000000005,1,Classical DDM,
1448.9999999999895,1,Classical DDM,
528.0000000000001,1,Classical DDM,
538.0000000000001,0,Classical DDM,
442.00000000000006,1,Classical DDM,
1410.9999999999939,0,Classical DDM,
1390.999999999996,0,Classical DDM,
756.0000000000002,1,Classical DDM,
502.0000000000001,1,Classical DDM,
766.0000000000002,1,Classical DDM,
1024.0000000000005,1,Classical DDM,
595.0000000000002,1,Classical DDM,
1214.0000000000007,0,Classical DDM,
1233.0000000000005,1,Classical DDM,
889.0000000000003,0,Classical DDM,
838.0000000000003,1,Classical DDM,
2355.9999999998904,0,Classical DDM,
661.0000000000002,0,Classical DDM,
2306.999999999895,1,Classical DDM,
653.0000000000002,1,Classical DDM,
566.0000000000001,1,Classical DDM,
766.0000000000002,1,Classical DDM,
1278.0000000000007,0,Classical DDM,
1907.999999999939,0,Classical DDM,
1453.999999999989,1,Classical DDM,
2666.999999999856,1,Classical DDM,
435.00000000000006,1,Adaptive DDM,1.5890943841168688
673.0000000000002,1,Adaptive DDM,1.4752798240506253
652.0000000000001,0,Adaptive DDM,1.4837691433380162
686.0000000000001,1,Adaptive DDM,1.4701569775640513
547.0000000000001,0,Adaptive DDM,1.530468891320614
418.00000000000006,1,Adaptive DDM,1.5988855983374912
531.0000000000001,1,Adaptive DDM,1.5382531825648467
1031.0000000000007,0,Adaptive DDM,1.3650558242744235
900.0000000000003,1,Adaptive DDM,1.3987239204322834
481.0000000000001,0,Adaptive DDM,1.5638189029640879
523.0000000000001,1,Adaptive DDM,1.5422159498059789
1078.0000000000005,0,Adaptive DDM,1.3545008238163732
980.0000000000005,1,Adaptive DDM,1.3773831019287748
756.0000000000002,0,Adaptive DDM,1.4442257066228403
1093.0000000000005,1,Adaptive DDM,1.3512858592619152
684.0000000000001,1,Adaptive DDM,1.4709386203747274
1177.0000000000005,1,Adaptive DDM,1.3345597111658567
1043.0000000000007,1,Adaptive DDM,1.3622897884425351
958.0000000000005,0,Adaptive DDM,1.3829988952583676
769.0000000000003,1,Adaptive DDM,1.439702549452738
466.00000000000006,0,Adaptive DDM,1.5718700641890624
928.0000000000003,1,Adaptive DDM,1.3909616641736826
547.0000000000001,0,Adaptive DDM,1.530468891320614
1818.9999999999488,1,Adaptive DDM,1.2575501626068364
513.0000000000001,1,Adaptive DDM,1.547236750921769
1069.0000000000005,0,Adaptive DDM,1.3564648120303582
511.0000000000001,0,Adaptive DDM,1.5482499802586178
932.0000000000003,1,Adaptive DDM,1.3898791449937358
755.0000000000003,0,Adaptive DDM,1.4445773088184959
860.0000000000003,0,Adaptive DDM,1.410393955922317
578.0000000000002,1,Adaptive DDM,1.5159082464198075
1030.0000000000005,1,Adaptive DDM,1.365288582535889
468.00000000000006,1,Adaptive DDM,1.5707860807845893
998.0000000000005,1,Adaptive DDM,1.3729242239035868
676.0000000000001,0,Adaptive DDM,1.4740887467762072
1147.0000000000007,0,Adaptive DDM,1.340292928101669
1586.9999999999745,1,Adaptive DDM,1.2773420737641812
698.0000000000002,1,Adaptive DDM,1.465516045659524
1184.0000000000007,0,Adaptive DDM,1.3332586765834062
601.0000000000002,1,Adaptive DDM,1.505534389880118
972.0000000000005,1,Adaptive DDM,1.379403799086559
507.0000000000001,0,Adaptive DDM,1.550285580835101
640.0000000000001,0,Adaptive DDM,1.4887416058247185
908.0000000000003,1,Adaptive DDM,1.396472767319545
1474.9999999999868,1,Adaptive DDM,1.2896614044925938
1151.0000000000007,1,Adaptive DDM,1.3395135111222467
1467.9999999999875,1,Adaptive DDM,1.2905022559847912
626.0000000000001,1,Adaptive DDM,1.4946570745770584
520.0000000000001,1,Adaptive DDM,1.5437142903178087
609.0000000000002,1,Adaptive DDM,1.5020091708184538
1016.0000000000005,1,Adaptive DDM,1.3685841248531843
889.0000000000003,1,Adaptive DDM,1.4018636970430967
680.0000000000001,0,Adaptive DDM,1.4725089584000406
548.0000000000001,1,Adaptive DDM,1.5299885483309397
714.0000000000002,1,Adaptive DDM,1.4594566639912427
589.0000000000002,1,Adaptive DDM,1.5109021740258826
1031.0000000000007,1,Adaptive DDM,1.3650558242744235
880.0000000000003,0,Adaptive DDM,1.404471419474929
710.0000000000002,0,Adaptive DDM,1.460957903189069
577.0000000000002,1,Adaptive DDM,1.5163674531083524
510.0000000000001,1,Adaptive DDM,1.5487577359505704
899.0000000000003,1,Adaptive DDM,1.3990072187335394
560.0000000000001,1,Adaptive DDM,1.5242802829715496
977.0000000000005,1,Adaptive DDM,1.3781380231863547
546.0000000000001,0,Adaptive DDM,1.5309499553654289
437.00000000000006,1,Adaptive DDM,1.5879588051846008
657.0000000000002,1,Adaptive DDM,1.4817235553067831
989.0000000000005,0,Adaptive DDM,1.375138614431394
739.0000000000003,0,Adaptive DDM,1.4502752662196237
1126.0000000000005,1,Adaptive DDM,1.3444624810313068
737.0000000000003,0,Adaptive DDM,1.4509971743390306
718.0000000000002,1,Adaptive DDM,1.4579644052602618
1525.9999999999811,1,Adaptive DDM,1.2837945742080556
667.0000000000002,1,Adaptive DDM,1.4776781186041053
758.0000000000002,0,Adaptive DDM,1.443524082465426
738.0000000000002,0,Adaptive DDM,1.4506359495638332
672.0000000000001,1,Adaptive DDM,1.4756780423757792
667.0000000000002,1,Adaptive DDM,1.4776781186041053
1306.0000000000007,0,Adaptive DDM,1.3126459007769578
601.0000000000002,0,Adaptive DDM,1.505534389880118
905.0000000000003,1,Adaptive DDM,1.3973137856444962
531.0000000000001,1,Adaptive DDM,1.5382531825648467
593.0000000000002,1,Adaptive DDM,1.5091021664046107
1664.999999999966,1,Adaptive DDM,1.2699065116975345
826.0000000000003,1,Adaptive DDM,1.4208791474926394
757.0000000000003,1,Adaptive DDM,1.4438746314351234
904.0000000000003,1,Adaptive DDM,1.3975949671563752
1632.9999999999693,0,Adaptive DDM,1.272852154135905
852.0000000000003,0,Adaptive DDM,1.4128131696452273
489.0000000000001,1,Adaptive DDM,1.5595984494946555
732.0000000000002,1,Adaptive DDM,1.4528114481690353
1158.0000000000007,0,Adaptive DDM,1.3381607337652066
907.0000000000003,0,Adaptive DDM,1.3967526863573176
969.0000000000005,1,Adaptive DDM,1.3801678339716317
964.0000000000005,1,Adaptive DDM,1.3814488906841431
842.0000000000003,0,Adaptive DDM,1.4158782981829943
851.0000000000003,1,Adaptive DDM,1.4131176176786362
1388.9999999999961,1,Adaptive DDM,1.3006299931683944
459.00000000000006,1,Adaptive DDM,1.5756897179523
655.0000000000002,1,Adaptive DDM,1.482539949952376
1051.0000000000007,1,Adaptive DDM,1.3604732321177966
1091.0000000000007,1,Adaptive DDM,1.3517103532623311
1769.9999999999543,1,Adaptive DDM,1.2611767439273698
527.0000000000001,1,Adaptive DDM,1.5402286220523835
690.0000000000001,1,Adaptive DDM,1.4686007091726436
704.0000000000002,0,Adaptive DDM,1.4632267186729642
477.0000000000001,1,Adaptive DDM,1.5659481978787353
535.0000000000001,1,Adaptive DDM,1.5362895602273337
542.0000000000001,0,Adaptive DDM,1.5328814437683687
597.0000000000002,0,Adaptive DDM,1.5073129264936325
539.0000000000001,1,Adaptive DDM,1.534337684349228
571.0000000000002,0,Adaptive DDM,1.5191372053757282
555.0000000000001,1,Adaptive DDM,1.526646246366123
752.0000000000002,1,Adaptive DDM,1.4456352853700856
799.0000000000003,1,Adaptive DDM,1.4295950588474606
783.0000000000003,0,Adaptive DDM,1.4349290926340752
525.0000000000001,0,Adaptive DDM,1.5412207954344839
811.0000000000003,1,Adaptive DDM,1.4256777096984037
660.0000000000001,1,Adaptive DDM,1.480503546386737
747.0000000000003,1,Adaptive DDM,1.44740919385198
1129.0000000000005,1,Adaptive DDM,1.3438587592594329
622.0000000000001,0,Adaptive DDM,1.496370151114908
670.0000000000001,1,Adaptive DDM,1.4764762732505456
712.0000000000002,0,Adaptive DDM,1.4602061576616019
528.0000000000001,0,Adaptive DDM,1.5397336504408208
484.0000000000001,1,Adaptive DDM,1.5622302949495572
871.0000000000003,0,Adaptive DDM,1.407114584861246
641.0000000000002,0,Adaptive DDM,1.4883238068435547
1033.0000000000005,1,Adaptive DDM,1.3645913538555812
655.0000000000002,1,Adaptive DDM,1.482539949952376
913.0000000000003,1,Adaptive DDM,1.3950794530244097
753.0000000000003,1,Adaptive DDM,1.445282097399231
1412.9999999999936,1,Adaptive DDM,1.2974253432083338
484.0000000000001,0,Adaptive DDM,1.5622302949495572
824.0000000000003,1,Adaptive DDM,1.4215127348409493
542.0000000000001,0,Adaptive DDM,1.5328814437683687
956.0000000000005,1,Adaptive DDM,1.3835186712182506
899.0000000000003,0,Adaptive DDM,1.3990072187335394
602.0000000000001,0,Adaptive DDM,1.5050914206053105
762.0000000000002,1,Adaptive DDM,1.442127133009846
913.0000000000003,1,Adaptive DDM,1.3950794530244097
1102.0000000000005,1,Adaptive DDM,1.3493913170947793
655.0000000000002,0,Adaptive DDM,1.482539949952376
1186.0000000000007,1,Adaptive DDM,1.3328894546634524
949.0000000000005,1,Adaptive DDM,1.3853502160491171
803.0000000000003,0,Adaptive DDM,1.428281433311857
1111.0000000000007,1,Adaptive DDM,1.3475221793810106
602.0000000000001,1,Adaptive DDM,1.5050914206053105
955.0000000000005,0,Adaptive DDM,1.383779144531224
933.0000000000003,0,Adaptive DDM,1.3896095285391392
874.0000000000003,1,Adaptive DDM,1.406229562024229
616.0000000000001,1,Adaptive DDM,1.4989591153384632
555.0000000000001,1,Adaptive DDM,1.526646246366123
609.0000000000002,1,Adaptive DDM,1.5020091708184538
1241.0000000000005,0,Adaptive DDM,1.3231580154460922
662.0000000000001,1,Adaptive DDM,1.479693251797182
611.0000000000002,1,Adaptive DDM,1.5011344560342108
566.0000000000001,0,Adaptive DDM,1.5214644506769737
807.0000000000003,1,Adaptive DDM,1.4269756659314268
868.0000000000003,1,Adaptive DDM,1.408003599275342
653.0000000000002,0,Adaptive DDM,1.483358797459358
568.0000000000002,1,Adaptive DDM,1.5205314575144313
578.0000000000002,0,Adaptive DDM,1.5159082464198075
764.0000000000002,0,Adaptive DDM,1.4414317951391258
522.0000000000001,0,Adaptive DDM,1.5427146476605729
1037.0000000000005,0,Adaptive DDM,1.3636665828198664
1698.999999999962,0,Adaptive DDM,1.2669278802921689
1594.9999999999736,1,Adaptive DDM,1.276538798171849
953.0000000000005,1,Adaptive DDM,1.384301264753561
466.00000000000006,0,Adaptive DDM,1.5718700641890624
486.0000000000001,0,Adaptive DDM,1.5611751875171875
950.0000000000005,1,Adaptive DDM,1.3850873878954388
694.0000000000002,0,Adaptive DDM,1.4670537504346952
1391.999999999996,0,Adaptive DDM,1.3002230744529217
638.0000000000001,1,Adaptive DDM,1.4895790862346976
761.0000000000003,0,Adaptive DDM,1.442475584983006
563.0000000000001,1,Adaptive DDM,1.5228691990182759
819.0000000000003,1,Adaptive DDM,1.4231050440478399
790.0000000000002,1,Adaptive DDM,1.432579693094071
542.0000000000001,1,Adaptive DDM,1.5328814437683687
1388.9999999999961,1,Adaptive DDM,1.3006299931683944
502.0000000000001,1,Adaptive DDM,1.5528473171945842
645.0000000000002,1,Adaptive DDM,1.4866588638263711
1714.9999999999604,1,Adaptive DDM,1.2655778760160534
799.0000000000003,1,Adaptive DDM,1.4295950588474606
501.0000000000001,1,Adaptive DDM,1.553361974066532
1216.0000000000007,1,Adaptive DDM,1.3274820092021034
879.0000000000003,1,Adaptive DDM,1.4047633454939197
509.0000000000001,1,Adaptive DDM,1.549266253847572
593.0000000000002,1,Adaptive DDM,1.5091021664046107
527.0000000000001,1,Adaptive DDM,1.5402286220523835
853.0000000000003,0,Adaptive DDM,1.4125091779415355
751.0000000000003,1,Adaptive DDM,1.4459890035204312
540.0000000000001,1,Adaptive DDM,1.5338515425202277
526.0000000000001,1,Adaptive DDM,1.540724336678485
744.0000000000002,0,Adaptive DDM,1.4484799426021138
698.0000000000002,0,Adaptive DDM,1.465516045659524
800.0000000000002,0,Adaptive DDM,1.4292659131801546
1222.0000000000007,0,Adaptive DDM,1.326429414898652
698.0000000000002,1,Adaptive DDM,1.465516045659524
456.00000000000006,1,Adaptive DDM,1.577339029851646
1752.9999999999561,0,Adaptive DDM,1.2624985320727524
576.0000000000002,1,Adaptive DDM,1.5168273491237958
856.0000000000003,0,Adaptive DDM,1.4115999339740741
424.00000000000006,1,Adaptive DDM,1.5954013306757067
698.0000000000002,0,Adaptive DDM,1.465516045659524
449.00000000000006,1,Adaptive DDM,1.5812164102890172
550.0000000000001,1,Adaptive DDM,1.529030021195545
984.0000000000005,1,Adaptive DDM,1.376381810196273
766.0000000000002,1,Adaptive DDM,1.4407385401561241
632.0000000000001,1,Adaptive DDM,1.492106655009229
662.0000000000001,0,Adaptive DDM,1.479693251797182
578.0000000000002,1,Adaptive DDM,1.5159082464198075
557.0000000000001,1,Adaptive DDM,1.5256977311112931
908.0000000000003,1,Adaptive DDM,1.396472767319545
993.0000000000005,1,Adaptive DDM,1.3741507493037821
594.0000000000002,1,Adaptive DDM,1.5086538494767592
1059.0000000000007,1,Adaptive DDM,1.3586783441985022
646.0000000000001,1,Adaptive DDM,1.486244186616291
666.0000000000001,1,Adaptive DDM,1.47807993707052
1235.0000000000007,1,Adaptive DDM,1.3241810342644218
644.0000000000001,0,Adaptive DDM,1.4870741635190114
532.0000000000001,1,Adaptive DDM,1.5377611718912567
566.0000000000001,0,Adaptive DDM,1.5214644506769737
638.0000000000001,0,Adaptive DDM,1.4895790862346976
1166.0000000000007,1,Adaptive DDM,1.3366319957330297
1179.0000000000007,1,Adaptive DDM,1.3341865919909608
631.0000000000002,1,Adaptive DDM,1.4925301325204743
688.0000000000001,0,Adaptive DDM,1.4693776761679294
925.0000000000003,1,Adaptive DDM,1.3917778266507639
560.0000000000001,1,Adaptive DDM,1.5242802829715496
726.0000000000002,0,Adaptive DDM,1.4550066146342968
650.0000000000001,1,Adaptive DDM,1.4845916839620608
607.0000000000002,1,Adaptive DDM,1.5028865136872052
813.0000000000003,1,Adaptive DDM,1.4250316461491799
963.0000000000005,1,Adaptive DDM,1.3817062569966474
549.0000000000001,1,Adaptive DDM,1.529508925315634
674.0000000000001,1,Adaptive DDM,1.4748822026051873
632.0000000000001,1,Adaptive DDM,1.492106655009229
597.0000000000002,1,Adaptive DDM,1.5073129264936325
589.0000000000002,1,Adaptive DDM,1.5109021740258826
822.0000000000003,0,Adaptive DDM,1.4221482258053006
542.0000000000001,1,Adaptive DDM,1.5328814437683687
668.0000000000001,0,Adaptive DDM,1.47727690241357
603.0000000000002,1,Adaptive DDM,1.5046491152863242
1063.0000000000007,0,Adaptive DDM,1.3577889449991054
1458.9999999999886,1,Adaptive DDM,1.2915964053313322
864.0000000000003,0,Adaptive DDM,1.4091951920746155
708.0000000000002,1,Adaptive DDM,1.4617119073393585
473.0000000000001,1,Adaptive DDM,1.568090306966949
990.0000000000005,1,Adaptive DDM,1.3748910921978326
944.0000000000003,1,Adaptive DDM,1.3866702867467762
654.0000000000001,0,Adaptive DDM,1.4829490666381093
538.0000000000001,1,Adaptive DDM,1.5348245559381553
849.0000000000005,1,Adaptive DDM,1.4137278854756667
841.0000000000005,1,Adaptive DDM,1.4161873473592044
422.00000000000006,1,Adaptive DDM,1.5965592707093295
567.0000000000002,1,Adaptive DDM,1.5209976042233322
458.00000000000006,1,Adaptive DDM,1.5762386641359387
1210.0000000000007,0,Adaptive DDM,1.3285441196125336
479.0000000000001,1,Adaptive DDM,1.5648819534514233
806.0000000000002,1,Adaptive DDM,1.4273013736500428
600.0000000000001,1,Adaptive DDM,1.505978024107427
585.0000000000002,0,Adaptive DDM,1.5127130141579168
880.0000000000003,1,Adaptive DDM,1.404471419474929
753.0000000000003,1,Adaptive DDM,1.445282097399231
1004.0000000000005,1,Adaptive DDM,1.3714644845686887
457.00000000000006,0,Adaptive DDM,1.5767884343567264
460.00000000000006,1,Adaptive DDM,1.575141594570681
1224.0000000000007,0,Adaptive DDM,1.3260806500627833
468.00000000000006,1,Adaptive DDM,1.5707860807845893
812.0000000000002,1,Adaptive DDM,1.4253544356500063
1239.0000000000007,0,Adaptive DDM,1.323497999213093
890.0000000000003,1,Adaptive DDM,1.4015761172363081
648.0000000000001,1,Adaptive DDM,1.4854166959131148
568.0000000000002,0,Adaptive DDM,1.5205314575144313
1162.0000000000007,1,Adaptive DDM,1.3373940716489492
930.0000000000003,1,Adaptive DDM,1.3904195926949332
835.0000000000005,0,Adaptive DDM,1.418051409181236
521.0000000000001,1,Adaptive DDM,1.5432140941232646
632.0000000000001,1,Adaptive DDM,1.492106655009229
1166.0000000000007,1,Adaptive DDM,1.3366319957330297
1219.0000000000007,1,Adaptive DDM,1.3269545278837847
503.0000000000001,0,Adaptive DDM,1.552333431729245
907.0000000000003,1,Adaptive DDM,1.3967526863573176
693.0000000000002,1,Adaptive DDM,1.4674396203904634
911.0000000000003,1,Adaptive DDM,1.395635525074504
614.0000000000001,1,Adaptive DDM,1.4998272943017894
661.0000000000002,1,Adaptive DDM,1.4800980952315455
1078.0000000000005,1,Adaptive DDM,1.3545008238163732
761.0000000000003,1,Adaptive DDM,1.442475584983006
520.0000000000001,1,Adaptive DDM,1.5437142903178087
573.0000000000002,1,Adaptive DDM,1.5182111834869505
841.0000000000005,1,Adaptive DDM,1.4161873473592044
415.00000000000006,1,Adaptive DDM,1.6006395269095435
620.0000000000001,1,Adaptive DDM,1.4972305515235653
474.0000000000001,1,Adaptive DDM,1.5675535741567437
646.0000000000001,1,Adaptive DDM,1.486244186616291
990.0000000000005,1,Adaptive DDM,1.3748910921978326
1212.0000000000007,0,Adaptive DDM,1.3281890201691855
552.0000000000001,1,Adaptive DDM,1.5280743653324949
535.0000000000001,1,Adaptive DDM,1.5362895602273337
1435.9999999999911,0,Adaptive DDM,1.2944606046666611
669.0000000000002,1,Adaptive DDM,1.4768762875961778
1201.0000000000005,1,Adaptive DDM,1.330155316335205
560.0000000000001,1,Adaptive DDM,1.5242802829715496
1062.0000000000005,1,Adaptive DDM,1.3580107947623297
651.0000000000002,1,Adaptive DDM,1.4841801051973624
1321.0000000000007,1,Adaptive DDM,1.310362156477495
731.0000000000003,1,Adaptive DDM,1.4531759386408007
854.0000000000003,0,Adaptive DDM,1.4122056418835798
1074.0000000000005,1,Adaptive DDM,1.3553704349839422
738.0000000000002,1,Adaptive DDM,1.4506359495638332
615.0000000000002,1,Adaptive DDM,1.499392879253076
491.0000000000001,0,Adaptive DDM,1.5585512257671803
640.0000000000001,0,Adaptive DDM,1.4887416058247185
1597.9999999999732,1,Adaptive DDM,1.276240046275985
993.0000000000005,0,Adaptive DDM,1.3741507493037821
751.0000000000003,1,Adaptive DDM,1.4459890035204312
876.0000000000003,1,Adaptive DDM,1.4056417554888143
466.00000000000006,0,Adaptive DDM,1.5718700641890624
790.0000000000002,0,Adaptive DDM,1.432579693094071
654.0000000000001,1,Adaptive DDM,1.4829490666381093
661.0000000000002,1,Adaptive DDM,1.4800980952315455
778.0000000000002,0,Adaptive DDM,1.4366224028045862
1562.999999999977,0,Adaptive DDM,1.2798105544824612
864.0000000000003,1,Adaptive DDM,1.4091951920746155
628.0000000000001,1,Adaptive DDM,1.4938043830301662
1201.0000000000005,1,Adaptive DDM,1.330155316335205
502.0000000000001,1,Adaptive DDM,1.5528473171945842
576.0000000000002,1,Adaptive DDM,1.5168273491237958
578.0000000000002,1,Adaptive DDM,1.5159082464198075
678.0000000000001,1,Adaptive DDM,1.4732976677477303
1361.9999999999993,1,Adaptive DDM,1.304375849484374
797.0000000000003,1,Adaptive DDM,1.4302548331906872
722.0000000000002,1,Adaptive DDM,1.4564810732746503
862.0000000000003,1,Adaptive DDM,1.4097936749262547
625.0000000000002,1,Adaptive DDM,1.4950843805883127
465.00000000000006,1,Adaptive DDM,1.5724132765927963
707.0000000000003,0,Adaptive DDM,1.4620897585179042
463.00000000000006,1,Adaptive DDM,1.573502148914403
942.0000000000003,1,Adaptive DDM,1.3872010934189196
623.0000000000002,1,Adaptive DDM,1.4959409178936327
1180.0000000000007,1,Adaptive DDM,1.3340004517430615
1598.9999999999732,0,Adaptive DDM,1.276140760689377
823.0000000000005,1,Adaptive DDM,1.421830242014058
508.0000000000001,1,Adaptive DDM,1.5497755350937878
735.0000000000003,1,Adaptive DDM,1.4517212514346336
474.0000000000001,1,Adaptive DDM,1.5675535741567437
614.0000000000001,1,Adaptive DDM,1.4998272943017894
613.0000000000002,1,Adaptive DDM,1.5002623614620372
748.0000000000002,1,Adaptive DDM,1.4470533470130524
532.0000000000001,1,Adaptive DDM,1.5377611718912567
1490.999999999985,1,Adaptive DDM,1.2877722908253642
653.0000000000002,1,Adaptive DDM,1.483358797459358
1026.0000000000005,0,Adaptive DDM,1.3662231148243746
671.0000000000002,1,Adaptive DDM,1.4760768584766404
811.0000000000003,1,Adaptive DDM,1.4256777096984037
871.0000000000003,0,Adaptive DDM,1.407114584861246
1458.9999999999886,0,Adaptive DDM,1.2915964053313322
537.0000000000001,1,Adaptive DDM,1.5353121583824703
675.0000000000002,0,Adaptive DDM,1.474485177144817
682.0000000000001,0,Adaptive DDM,1.4717226116347484
643.0000000000002,0,Adaptive DDM,1.4874900866286365
944.0000000000003,0,Adaptive DDM,1.3866702867467762
1286.0000000000007,1,Adaptive DDM,1.315771933847359
596.0000000000002,1,Adaptive DDM,1.5077592305277165
565.0000000000001,1,Adaptive DDM,1.5219319979257606
444.00000000000006,1,Adaptive DDM,1.5840109999778913
656.0000000000001,1,Adaptive DDM,1.4821314464816449
715.0000000000003,1,Adaptive DDM,1.4590827594937361
591.0000000000002,1,Adaptive DDM,1.5100008202105433
603.0000000000002,0,Adaptive DDM,1.5046491152863242
508.0000000000001,1,Adaptive DDM,1.5497755350937878
660.0000000000001,1,Adaptive DDM,1.480503546386737
589.0000000000002,1,Adaptive DDM,1.5109021740258826
587.0000000000002,1,Adaptive DDM,1.5118062359628193
636.0000000000001,0,Adaptive DDM,1.4904190828583397
1297.0000000000007,1,Adaptive DDM,1.314041016278832
799.0000000000003,1,Adaptive DDM,1.4295950588474606
586.0000000000002,1,Adaptive DDM,1.5122592850186085
716.0000000000002,1,Adaptive DDM,1.4587094154325435
1305.0000000000007,0,Adaptive DDM,1.3127999851625216
960.0000000000005,1,Adaptive DDM,1.3824806762897097
820.0000000000002,1,Adaptive DDM,1.4227856261051162
1124.0000000000005,1,Adaptive DDM,1.3448664741611007
833.0000000000005,1,Adaptive DDM,1.418676500577055
563.0000000000001,1,Adaptive DDM,1.5228691990182759
1135.0000000000007,0,Adaptive DDM,1.3426594354785366
711.0000000000003,0,Adaptive DDM,1.4605817485208155
705.0000000000003,1,Adaptive DDM,1.4628471633326265
1559.9999999999775,1,Adaptive DDM,1.280125409870938
670.0000000000001,0,Adaptive DDM,1.4764762732505456
498.0000000000001,1,Adaptive DDM,1.5549105847105007
1411.9999999999936,1,Adaptive DDM,1.2975565796258526
1040.0000000000005,1,Adaptive DDM,1.36297663674014
437.00000000000006,1,Adaptive DDM,1.5879588051846008
452.00000000000006,1,Adaptive DDM,1.5795496893773584
775.0000000000003,1,Adaptive DDM,1.4376445016147386
1544.999999999979,0,Adaptive DDM,1.2817211159683468
598.0000000000002,1,Adaptive DDM,1.5068672914137586
1945.999999999935,1,Adaptive DDM,1.2493023851820082
411.00000000000006,1,Adaptive DDM,1.6029904096666279
647.0000000000002,1,Adaptive DDM,1.4858301309557473
982.0000000000005,1,Adaptive DDM,1.3768817050942879
728.0000000000002,0,Adaptive DDM,1.4542726962184562
609.0000000000002,0,Adaptive DDM,1.5020091708184538
541.0000000000001,1,Adaptive DDM,1.5333661293573344
447.00000000000006,0,Adaptive DDM,1.582331731665458
580.0000000000002,0,Adaptive DDM,1.5149918968921017
1545.9999999999789,1,Adaptive DDM,1.2816136149403219
523.0000000000001,1,Adaptive DDM,1.5422159498059789
673.0000000000002,1,Adaptive DDM,1.4752798240506253
1012.0000000000005,1,Adaptive DDM,1.3695384898341532
542.0000000000001,1,Adaptive DDM,1.5328814437683687
1212.0000000000007,1,Adaptive DDM,1.3281890201691855
1136.0000000000005,1,Adaptive DDM,1.3424605954925908
607.0000000000002,1,Adaptive DDM,1.5028865136872052
945.0000000000003,0,Adaptive DDM,1.3864054799713887
589.0000000000002,0,Adaptive DDM,1.5109021740258826
2087.999999999919,1,Adaptive DDM,1.241762463792087
844.0000000000003,0,Adaptive DDM,1.4152615888150293
531.0000000000001,1,Adaptive DDM,1.5382531825648467
1257.0000000000005,0,Adaptive DDM,1.3204745534245845
474.0000000000001,0,Adaptive DDM,1.5675535741567437
1107.0000000000007,1,Adaptive DDM,1.348349792814759
857.0000000000003,1,Adaptive DDM,1.4112977607596813
502.0000000000001,0,Adaptive DDM,1.5528473171945842
1292.0000000000007,0,Adaptive DDM,1.314824257383627
473.0000000000001,1,Adaptive DDM,1.568090306966949
573.0000000000002,0,Adaptive DDM,1.5182111834869505
587.0000000000002,0,Adaptive DDM,1.5118062359628193
503.0000000000001,1,Adaptive DDM,1.552333431729245
909.0000000000003,1,Adaptive DDM,1.396193267845577
781.0000000000003,1,Adaptive DDM,1.4356048931058347
750.0000000000002,0,Adaptive DDM,1.4463432526461344
717.0000000000003,1,Adaptive DDM,1.4583366309676404
806.0000000000002,1,Adaptive DDM,1.4273013736500428
1011.0000000000006,0,Adaptive DDM,1.3697779771394796
606.0000000000001,1,Adaptive DDM,1.5033261731198744
883.0000000000003,1,Adaptive DDM,1.4035982641601992
1107.0000000000007,1,Adaptive DDM,1.348349792814759
753.0000000000003,1,Adaptive DDM,1.445282097399231
1002.0000000000005,1,Adaptive DDM,1.3719496053397109
464.00000000000006,1,Adaptive DDM,1.5729573044265557
575.0000000000002,1,Adaptive DDM,1.5172879355009046
708.0000000000002,1,Adaptive DDM,1.4617119073393585
1628.9999999999698,1,Adaptive DDM,1.2732304006655706
1100.0000000000005,1,Adaptive DDM,1.3498101189347222
612.0000000000001,0,Adaptive DDM,1.5006980817127207
763.0000000000003,1,Adaptive DDM,1.4417792033228334
1099.0000000000007,1,Adaptive DDM,1.3500199914781807
1913.9999999999384,1,Adaptive DDM,1.2512349092172221
1036.0000000000005,1,Adaptive DDM,1.3638972556554716
694.0000000000002,1,Adaptive DDM,1.4670537504346952
524.0000000000001,1,Adaptive DDM,1.5417179994374122
522.0000000000001,1,Adaptive DDM,1.5427146476605729
1243.0000000000007,1,Adaptive DDM,1.322819050101994
636.0000000000001,1,Adaptive DDM,1.4904190828583397
970.0000000000005,1,Adaptive DDM,1.379912773563804
538.0000000000001,1,Adaptive DDM,1.5348245559381553
840.0000000000003,0,Adaptive DDM,1.4164968604570327
570.0000000000002,1,Adaptive DDM,1.5196012591371026
609.0000000000002,1,Adaptive DDM,1.5020091708184538
555.0000000000001,1,Adaptive DDM,1.526646246366123
1469.9999999999873,0,Adaptive DDM,1.2902611111150002
1231.0000000000007,1,Adaptive DDM,1.3248681798453155
767.0000000000003,1,Adaptive DDM,1.440392691797006
573.0000000000002,1,Adaptive DDM,1.5182111834869505
535.0000000000001,1,Adaptive DDM,1.5362895602273337
2111.999999999917,1,Adaptive DDM,1.2406393523941461
532.0000000000001,0,Adaptive DDM,1.5377611718912567
772.0000000000002,0,Adaptive DDM,1.4386712102338275
1023.0000000000006,1,Adaptive DDM,1.366927702975432
1277.0000000000007,1,Adaptive DDM,1.317209536941654
1254.0000000000007,0,Adaptive DDM,1.32097280914957
1607.999999999972,1,Adaptive DDM,1.2752538604663324
911.0000000000003,1,Adaptive DDM,1.395635525074504
469.00000000000006,1,Adaptive DDM,1.5702453073448872
619.0000000000002,1,Adaptive DDM,1.497661720646849
518.0000000000001,1,Adaptive DDM,1.54471693640591
625.0000000000002,1,Adaptive DDM,1.4950843805883127
1269.0000000000007,1,Adaptive DDM,1.3185038014408121
1559.9999999999775,0,Adaptive DDM,1.280125409870938
1144.0000000000007,0,Adaptive DDM,1.3408805674750754
770.0000000000002,0,Adaptive DDM,1.4393582539147678
982.0000000000005,1,Adaptive DDM,1.3768817050942879
1441.9999999999905,0,Adaptive DDM,1.2937038696402348
1027.0000000000007,0,Adaptive DDM,1.3659889558152998
1138.0000000000005,1,Adaptive DDM,1.342063809183167
1121.0000000000005,1,Adaptive DDM,1.3454747408684675
1210.0000000000007,1,Adaptive DDM,1.3285441196125336
781.0000000000003,1,Adaptive DDM,1.4356048931058347
981.0000000000005,0,Adaptive DDM,1.3771322154877537
1062.0000000000005,0,Adaptive DDM,1.3580107947623297
1043.0000000000007,1,Adaptive DDM,1.3622897884425351
728.0000000000002,0,Adaptive DDM,1.4542726962184562
407.0,1,Adaptive DDM,1.6053554401209036
1073.0000000000005,1,Adaptive DDM,1.3555886542599591
586.0000000000002,0,Adaptive DDM,1.5122592850186085
328.00000000000006,1,Time Pressure Adaptive,1.5037664925365568
377.0000000000001,1,Time Pressure Adaptive,1.4636068437735257
289.0000000000001,1,Time Pressure Adaptive,1.5402286220523835
361.0000000000001,1,Time Pressure Adaptive,1.4760768584766404
440.00000000000017,1,Time Pressure Adaptive,1.4199323232811638
481.0000000000002,1,Time Pressure Adaptive,1.395635525074504
719.0000000000003,1,Time Pressure Adaptive,1.3009022913910093
415.00000000000017,1,Time Pressure Adaptive,1.436282724023155
766.0000000000005,1,Time Pressure Adaptive,1.2889476684819186
414.00000000000017,1,Time Pressure Adaptive,1.4369625914865192
354.0000000000001,1,Time Pressure Adaptive,1.4817235553067831
307.0000000000001,1,Time Pressure Adaptive,1.5228691990182759
590.0000000000003,1,Time Pressure Adaptive,1.3438587592594329
435.00000000000017,1,Time Pressure Adaptive,1.4231050440478399
426.00000000000017,1,Time Pressure Adaptive,1.428937260861246
371.0000000000001,1,Time Pressure Adaptive,1.468213098889274
333.00000000000006,1,Time Pressure Adaptive,1.499392879253076
332.00000000000006,1,Time Pressure Adaptive,1.5002623614620372
295.0000000000001,1,Time Pressure Adaptive,1.534337684349228
419.00000000000017,0,Time Pressure Adaptive,1.4335835587166224
1095.0000000000007,1,Time Pressure Adaptive,1.2394232508987895
408.0000000000001,1,Time Pressure Adaptive,1.4410849076770553
432.00000000000017,0,Time Pressure Adaptive,1.4250316461491799
383.0000000000001,1,Time Pressure Adaptive,1.4590827594937361
321.0000000000001,1,Time Pressure Adaptive,1.5100008202105433
312.0000000000001,1,Time Pressure Adaptive,1.5182111834869505
656.0000000000003,1,Time Pressure Adaptive,1.3198136906748732
336.00000000000006,1,Time Pressure Adaptive,1.4968000286691439
473.00000000000017,1,Time Pressure Adaptive,1.4001446709903562
593.0000000000003,1,Time Pressure Adaptive,1.3426594354785366
634.0000000000003,1,Time Pressure Adaptive,1.3273059182895017
487.0000000000002,1,Time Pressure Adaptive,1.39232397894955
361.0000000000001,1,Time Pressure Adaptive,1.4760768584766404
321.0000000000001,1,Time Pressure Adaptive,1.5100008202105433
922.0000000000006,1,Time Pressure Adaptive,1.2594412555713501
373.0000000000001,1,Time Pressure Adaptive,1.4666684588499739
372.0000000000001,1,Time Pressure Adaptive,1.4674396203904634
424.00000000000017,1,Time Pressure Adaptive,1.4302548331906872
372.0000000000001,1,Time Pressure Adaptive,1.4674396203904634
530.0000000000002,1,Time Pressure Adaptive,1.3702580307913355
468.00000000000017,1,Time Pressure Adaptive,1.403018339689368
355.0000000000001,1,Time Pressure Adaptive,1.4809096061750222
395.0000000000001,1,Time Pressure Adaptive,1.4502752662196237
331.00000000000006,1,Time Pressure Adaptive,1.5011344560342108
497.0000000000002,1,Time Pressure Adaptive,1.3869354910303833
304.0000000000001,1,Time Pressure Adaptive,1.5256977311112931
600.0000000000003,1,Time Pressure Adaptive,1.3399026350496617
347.0000000000001,0,Time Pressure Adaptive,1.4874900866286365
405.0000000000001,1,Time Pressure Adaptive,1.4431740589250126
995.0000000000006,1,Time Pressure Adaptive,1.2497172343732494
465.00000000000017,1,Time Pressure Adaptive,1.4047633454939197
400.0000000000001,0,Time Pressure Adaptive,1.4466980335442559
659.0000000000003,1,Time Pressure Adaptive,1.3188298016008746
461.00000000000017,1,Time Pressure Adaptive,1.407114584861246
267.00000000000006,1,Time Pressure Adaptive,1.5627590368492672
553.0000000000002,1,Time Pressure Adaptive,1.3595730958343475
527.0000000000002,1,Time Pressure Adaptive,1.3717068630339448
472.00000000000017,1,Time Pressure Adaptive,1.40071596151064
371.0000000000001,1,Time Pressure Adaptive,1.468213098889274
443.00000000000017,1,Time Pressure Adaptive,1.418051409181236
396.0000000000001,1,Time Pressure Adaptive,1.4495555205792345
594.0000000000003,1,Time Pressure Adaptive,1.3422620535430407
348.0000000000001,1,Time Pressure Adaptive,1.4866588638263711
810.0000000000005,1,Time Pressure Adaptive,1.279185078356641
714.0000000000005,1,Time Pressure Adaptive,1.3022761035945185
374.0000000000001,1,Time Pressure Adaptive,1.4658996073273465
463.00000000000017,1,Time Pressure Adaptive,1.4059354383291125
298.0000000000001,1,Time Pressure Adaptive,1.531431741547779
457.00000000000017,0,Time Pressure Adaptive,1.409494209069408
309.0000000000001,1,Time Pressure Adaptive,1.5209976042233322
447.00000000000017,1,Time Pressure Adaptive,1.4155697122330422
322.0000000000001,0,Time Pressure Adaptive,1.5091021664046107
416.00000000000017,1,Time Pressure Adaptive,1.4356048931058347
374.0000000000001,1,Time Pressure Adaptive,1.4658996073273465
708.0000000000005,1,Time Pressure Adaptive,1.303952112285448
595.0000000000003,0,Time Pressure Adaptive,1.3418658619669195
470.00000000000017,1,Time Pressure Adaptive,1.4018636970430967
338.00000000000006,1,Time Pressure Adaptive,1.4950843805883127
330.00000000000006,0,Time Pressure Adaptive,1.5020091708184538
910.0000000000006,1,Time Pressure Adaptive,1.261253566645892
728.0000000000005,1,Time Pressure Adaptive,1.29848076720576
487.0000000000002,1,Time Pressure Adaptive,1.39232397894955
330.00000000000006,1,Time Pressure Adaptive,1.5020091708184538
586.0000000000003,1,Time Pressure Adaptive,1.3454747408684675
573.0000000000003,1,Time Pressure Adaptive,1.3508626368351864
827.0000000000005,0,Time Pressure Adaptive,1.2757451042814305
405.0000000000001,1,Time Pressure Adaptive,1.4431740589250126
364.0000000000001,1,Time Pressure Adaptive,1.4736929106073888
520.0000000000002,1,Time Pressure Adaptive,1.375138614431394
255.00000000000006,1,Time Pressure Adaptive,1.5756897179523
526.0000000000002,1,Time Pressure Adaptive,1.3721927120321573
432.00000000000017,1,Time Pressure Adaptive,1.4250316461491799
541.0000000000002,1,Time Pressure Adaptive,1.3650558242744235
730.0000000000005,1,Time Pressure Adaptive,1.2979514720757996
1114.0000000000007,1,Time Pressure Adaptive,1.2377930283004797
424.00000000000017,1,Time Pressure Adaptive,1.4302548331906872
477.0000000000002,1,Time Pressure Adaptive,1.3978765707570096
476.0000000000002,1,Time Pressure Adaptive,1.398441046759928
875.0000000000005,0,Time Pressure Adaptive,1.2669278802921655
448.00000000000017,1,Time Pressure Adaptive,1.4149539272356777
572.0000000000003,1,Time Pressure Adaptive,1.3512858592619152
642.0000000000003,1,Time Pressure Adaptive,1.3245240916960694
804.0000000000005,1,Time Pressure Adaptive,1.2804416853013587
532.0000000000002,0,Time Pressure Adaptive,1.3692993614904962
701.0000000000003,1,Time Pressure Adaptive,1.3059459688638246
472.00000000000017,1,Time Pressure Adaptive,1.40071596151064
301.0000000000001,1,Time Pressure Adaptive,1.5285518348931386
560.0000000000002,1,Time Pressure Adaptive,1.3564648120303582
414.00000000000017,1,Time Pressure Adaptive,1.4369625914865192
571.0000000000003,1,Time Pressure Adaptive,1.3517103532623311
433.00000000000017,1,Time Pressure Adaptive,1.4243875178862229
814.0000000000005,1,Time Pressure Adaptive,1.2783598188763332
430.00000000000017,1,Time Pressure Adaptive,1.4263257143484707
509.0000000000002,1,Time Pressure Adaptive,1.3806791039951294
561.0000000000002,1,Time Pressure Adaptive,1.3560260760273237
663.0000000000003,0,Time Pressure Adaptive,1.3175316484782003
634.0000000000003,1,Time Pressure Adaptive,1.3273059182895017
332.00000000000006,1,Time Pressure Adaptive,1.5002623614620372
643.0000000000003,1,Time Pressure Adaptive,1.3241810342644218
423.00000000000017,1,Time Pressure Adaptive,1.4309165898288991
496.0000000000002,1,Time Pressure Adaptive,1.3874670945099912
378.0000000000001,1,Time Pressure Adaptive,1.4628471633326265
309.0000000000001,0,Time Pressure Adaptive,1.5209976042233322
509.0000000000002,1,Time Pressure Adaptive,1.3806791039951294
537.0000000000002,1,Time Pressure Adaptive,1.366927702975432
513.0000000000002,1,Time Pressure Adaptive,1.378643194634207
501.0000000000002,1,Time Pressure Adaptive,1.3848249536884574
391.0000000000001,1,Time Pressure Adaptive,1.4531759386408007
587.0000000000003,1,Time Pressure Adaptive,1.3450689256730166
363.0000000000001,1,Time Pressure Adaptive,1.474485177144817
310.0000000000001,1,Time Pressure Adaptive,1.5200660095014409
581.0000000000003,1,Time Pressure Adaptive,1.3475221793810106
426.00000000000017,1,Time Pressure Adaptive,1.428937260861246
442.00000000000017,1,Time Pressure Adaptive,1.418676500577055
426.00000000000017,1,Time Pressure Adaptive,1.428937260861246
366.0000000000001,1,Time Pressure Adaptive,1.472115490137413
317.0000000000001,1,Time Pressure Adaptive,1.5136225167721853
534.0000000000002,1,Time Pressure Adaptive,1.3683464269838748
553.0000000000002,1,Time Pressure Adaptive,1.3595730958343475
359.0000000000001,1,Time Pressure Adaptive,1.4776781186041053
479.0000000000002,1,Time Pressure Adaptive,1.3967526863573176
528.0000000000002,1,Time Pressure Adaptive,1.3712224693985913
372.0000000000001,1,Time Pressure Adaptive,1.4674396203904634
773.0000000000003,1,Time Pressure Adaptive,1.2873070541860372
1090.0000000000007,0,Time Pressure Adaptive,1.2398679263908272
505.0000000000002,1,Time Pressure Adaptive,1.3827395914419618
550.0000000000002,1,Time Pressure Adaptive,1.3609253296213322
442.00000000000017,0,Time Pressure Adaptive,1.418676500577055
313.0000000000001,1,Time Pressure Adaptive,1.5172879355009046
356.0000000000001,1,Time Pressure Adaptive,1.4800980952315455
350.0000000000001,1,Time Pressure Adaptive,1.4850038805581642
336.00000000000006,1,Time Pressure Adaptive,1.4968000286691439
378.0000000000001,1,Time Pressure Adaptive,1.4628471633326265
382.0000000000001,1,Time Pressure Adaptive,1.4598311297663487
518.0000000000002,1,Time Pressure Adaptive,1.3761324245669604
640.0000000000003,1,Time Pressure Adaptive,1.3252133018089554
390.0000000000001,1,Time Pressure Adaptive,1.45390656184356
404.0000000000001,1,Time Pressure Adaptive,1.4438746314351234
812.0000000000005,1,Time Pressure Adaptive,1.2787712107309803
1018.0000000000007,1,Time Pressure Adaptive,1.2470691544994728
380.0000000000001,1,Time Pressure Adaptive,1.4613346225127102
666.0000000000003,0,Time Pressure Adaptive,1.3165682056379082
557.0000000000002,1,Time Pressure Adaptive,1.3577889449991054
378.0000000000001,1,Time Pressure Adaptive,1.4628471633326265
480.0000000000002,1,Time Pressure Adaptive,1.396193267845577
303.0000000000001,1,Time Pressure Adaptive,1.526646246366123
494.0000000000002,1,Time Pressure Adaptive,1.3885350978831625
421.00000000000017,1,Time Pressure Adaptive,1.4322460738314304
370.0000000000001,0,Time Pressure Adaptive,1.468988901307718
374.0000000000001,1,Time Pressure Adaptive,1.4658996073273465
702.0000000000005,1,Time Pressure Adaptive,1.3056585622826598
556.0000000000002,0,Time Pressure Adaptive,1.3582329775499045
534.0000000000002,1,Time Pressure Adaptive,1.3683464269838748
431.00000000000017,1,Time Pressure Adaptive,1.4256777096984037
947.0000000000005,1,Time Pressure Adaptive,1.2558688028122253
360.0000000000001,1,Time Pressure Adaptive,1.4768762875961778
555.0000000000002,1,Time Pressure Adaptive,1.3586783441985022
1025.0000000000007,0,Time Pressure Adaptive,1.246298819086439
578.0000000000003,1,Time Pressure Adaptive,1.3487654653903123
338.00000000000006,1,Time Pressure Adaptive,1.4950843805883127
386.0000000000001,1,Time Pressure Adaptive,1.4568510723144674
431.00000000000017,1,Time Pressure Adaptive,1.4256777096984037
794.0000000000005,1,Time Pressure Adaptive,1.2825869539981118
470.00000000000017,1,Time Pressure Adaptive,1.4018636970430967
370.0000000000001,1,Time Pressure Adaptive,1.468988901307718
700.0000000000005,1,Time Pressure Adaptive,1.3062342389593569
406.0000000000001,1,Time Pressure Adaptive,1.442475584983006
351.0000000000001,1,Time Pressure Adaptive,1.4841801051973624
514.0000000000002,1,Time Pressure Adaptive,1.3781380231863547
267.00000000000006,1,Time Pressure Adaptive,1.5627590368492672
495.0000000000002,1,Time Pressure Adaptive,1.3880002951946477
517.0000000000002,1,Time Pressure Adaptive,1.376631570184729
1170.000000000001,1,Time Pressure Adaptive,1.2334949430513098
459.00000000000017,1,Time Pressure Adaptive,1.408300827539723
589.0000000000003,1,Time Pressure Adaptive,1.3442609385044444
821.0000000000003,1,Time Pressure Adaptive,1.2769392310582388
929.0000000000005,0,Time Pressure Adaptive,1.2584138150875914
452.00000000000017,1,Time Pressure Adaptive,1.4125091779415355
1052.0000000000007,1,Time Pressure Adaptive,1.2434745419684032
452.00000000000017,1,Time Pressure Adaptive,1.4125091779415355
338.00000000000006,1,Time Pressure Adaptive,1.4950843805883127
708.0000000000005,1,Time Pressure Adaptive,1.303952112285448
718.0000000000005,1,Time Pressure Adaptive,1.301175407734861
686.0000000000003,1,Time Pressure Adaptive,1.310362156477495
324.0000000000001,1,Time Pressure Adaptive,1.5073129264936325
614.0000000000003,1,Time Pressure Adaptive,1.3345597111658567
324.0000000000001,1,Time Pressure Adaptive,1.5073129264936325
981.0000000000006,1,Time Pressure Adaptive,1.251420884439112
883.0000000000005,1,Time Pressure Adaptive,1.26557787601605
708.0000000000005,1,Time Pressure Adaptive,1.303952112285448
1077.0000000000007,1,Time Pressure Adaptive,1.2410557882690179
433.00000000000017,1,Time Pressure Adaptive,1.4243875178862229
633.0000000000003,1,Time Pressure Adaptive,1.3276583644492752
758.0000000000005,1,Time Pressure Adaptive,1.2908653324460677
378.0000000000001,1,Time Pressure Adaptive,1.4628471633326265
1060.0000000000007,1,Time Pressure Adaptive,1.2426807169644434
431.00000000000017,1,Time Pressure Adaptive,1.4256777096984037
1440.999999999974,1,Time Pressure Adaptive,1.220420606173648
419.00000000000017,1,Time Pressure Adaptive,1.4335835587166224
431.00000000000017,1,Time Pressure Adaptive,1.4256777096984037
514.0000000000002,1,Time Pressure Adaptive,1.3781380231863547
341.00000000000006,1,Time Pressure Adaptive,1.4925301325204743
348.0000000000001,1,Time Pressure Adaptive,1.4866588638263711
557.0000000000002,1,Time Pressure Adaptive,1.3577889449991054
3371.9999999997617,1,Time Pressure Adaptive,1.2100317705731165
475.0000000000002,1,Time Pressure Adaptive,1.3990072187335394
612.0000000000003,0,Time Pressure Adaptive,1.3353093159985367
643.0000000000003,1,Time Pressure Adaptive,1.3241810342644218
404.0000000000001,1,Time Pressure Adaptive,1.4438746314351234
269.00000000000006,1,Time Pressure Adaptive,1.5606488196105357
488.0000000000002,1,Time Pressure Adaptive,1.3917778266507639
626.0000000000003,1,Time Pressure Adaptive,1.330155316335205
485.0000000000002,1,Time Pressure Adaptive,1.393421211228389
325.00000000000006,1,Time Pressure Adaptive,1.5064223242854156
433.00000000000017,1,Time Pressure Adaptive,1.4243875178862229
361.0000000000001,1,Time Pressure Adaptive,1.4760768584766404
372.0000000000001,1,Time Pressure Adaptive,1.4674396203904634
423.00000000000017,1,Time Pressure Adaptive,1.4309165898288991
771.0000000000003,1,Time Pressure Adaptive,1.2877722908253624
456.00000000000017,0,Time Pressure Adaptive,1.4100935903189546
275.00000000000006,1,Time Pressure Adaptive,1.5543936066639032
572.0000000000003,0,Time Pressure Adaptive,1.3512858592619152
936.0000000000006,1,Time Pressure Adaptive,1.2574077258809284
743.0000000000003,1,Time Pressure Adaptive,1.2945873906393672
593.0000000000003,1,Time Pressure Adaptive,1.3426594354785366
461.00000000000017,1,Time Pressure Adaptive,1.407114584861246
600.0000000000003,1,Time Pressure Adaptive,1.3399026350496617
318.0000000000001,1,Time Pressure Adaptive,1.5127130141579168
500.0000000000002,1,Time Pressure Adaptive,1.3853502160491171
382.0000000000001,1,Time Pressure Adaptive,1.4598311297663487
541.0000000000002,1,Time Pressure Adaptive,1.3650558242744235
402.0000000000001,1,Time Pressure Adaptive,1.445282097399231
671.0000000000003,1,Time Pressure Adaptive,1.3149816117559778
348.0000000000001,1,Time Pressure Adaptive,1.4866588638263711
345.00000000000006,1,Time Pressure Adaptive,1.4891600319746132
412.00000000000017,1,Time Pressure Adaptive,1.438328460545009
485.0000000000002,1,Time Pressure Adaptive,1.393421211228389
692.0000000000003,1,Time Pressure Adaptive,1.3085717992156418
539.0000000000002,1,Time Pressure Adaptive,1.3659889558152998
374.0000000000001,1,Time Pressure Adaptive,1.4658996073273465
520.0000000000002,1,Time Pressure Adaptive,1.375138614431394
1091.0000000000007,1,Time Pressure Adaptive,1.2397784568830186
337.00000000000006,1,Time Pressure Adaptive,1.4959409178936327
468.00000000000017,1,Time Pressure Adaptive,1.403018339689368
804.0000000000005,1,Time Pressure Adaptive,1.2804416853013587
664.0000000000003,1,Time Pressure Adaptive,1.317209536941654
272.00000000000006,1,Time Pressure Adaptive,1.55750713900309
808.0000000000005,1,Time Pressure Adaptive,1.2796014366525945
645.0000000000003,1,Time Pressure Adaptive,1.323497999213093
399.0000000000001,1,Time Pressure Adaptive,1.44740919385198
1221.9999999999982,1,Time Pressure Adaptive,1.2301013144547919
405.0000000000001,1,Time Pressure Adaptive,1.4431740589250126
630.0000000000003,1,Time Pressure Adaptive,1.328722069220793
1083.0000000000007,1,Time Pressure Adaptive,1.2405017850669993
302.0000000000001,1,Time Pressure Adaptive,1.5275976114393073
531.0000000000002,1,Time Pressure Adaptive,1.3697779771394796
532.0000000000002,1,Time Pressure Adaptive,1.3692993614904962
390.0000000000001,1,Time Pressure Adaptive,1.45390656184356
442.00000000000017,1,Time Pressure Adaptive,1.418676500577055
431.00000000000017,1,Time Pressure Adaptive,1.4256777096984037
398.0000000000001,1,Time Pressure Adaptive,1.4481224908440513
525.0000000000002,1,Time Pressure Adaptive,1.372680020765873
705.0000000000003,1,Time Pressure Adaptive,1.3048014977974767
769.0000000000003,1,Time Pressure Adaptive,1.2882403272755567
336.00000000000006,1,Time Pressure Adaptive,1.4968000286691439
955.0000000000006,1,Time Pressure Adaptive,1.254781056709279
463.00000000000017,1,Time Pressure Adaptive,1.4059354383291125
305.0000000000001,1,Time Pressure Adaptive,1.5247520571381743
442.00000000000017,1,Time Pressure Adaptive,1.418676500577055
257.00000000000006,1,Time Pressure Adaptive,1.573502148914403
605.0000000000003,1,Time Pressure Adaptive,1.337968636773321
325.00000000000006,1,Time Pressure Adaptive,1.5064223242854156
853.0000000000005,0,Time Pressure Adaptive,1.2708118826797186
336.00000000000006,1,Time Pressure Adaptive,1.4968000286691439
576.0000000000003,1,Time Pressure Adaptive,1.3496005609640902
420.00000000000017,1,Time Pressure Adaptive,1.432913813161115
727.0000000000003,0,Time Pressure Adaptive,1.2987466080692918
712.0000000000005,1,Time Pressure Adaptive,1.3028314245128791
441.00000000000017,0,Time Pressure Adaptive,1.4193034700627876
919.0000000000005,0,Time Pressure Adaptive,1.2598882352629956
358.0000000000001,1,Time Pressure Adaptive,1.4784823587169067
591.0000000000003,1,Time Pressure Adaptive,1.3434577847441584
399.0000000000001,1,Time Pressure Adaptive,1.44740919385198
381.0000000000001,1,Time Pressure Adaptive,1.4605817485208155
361.0000000000001,1,Time Pressure Adaptive,1.4760768584766404
384.0000000000001,1,Time Pressure Adaptive,1.4583366309676404
1118.0000000000007,0,Time Pressure Adaptive,1.2374615050784752
1007.0000000000006,1,Time Pressure Adaptive,1.2483128446221494
429.00000000000017,1,Time Pressure Adaptive,1.4269756659314268
399.0000000000001,1,Time Pressure Adaptive,1.44740919385198
292.0000000000001,1,Time Pressure Adaptive,1.5372698986804416
616.0000000000003,1,Time Pressure Adaptive,1.333814590496231
328.00000000000006,1,Time Pressure Adaptive,1.5037664925365568
427.00000000000017,1,Time Pressure Adaptive,1.428281433311857
714.0000000000005,1,Time Pressure Adaptive,1.3022761035945185
324.0000000000001,1,Time Pressure Adaptive,1.5073129264936325
351.0000000000001,1,Time Pressure Adaptive,1.4841801051973624
342.00000000000006,1,Time Pressure Adaptive,1.4916838122380764
370.0000000000001,1,Time Pressure Adaptive,1.468988901307718
348.0000000000001,1,Time Pressure Adaptive,1.4866588638263711
495.0000000000002,1,Time Pressure Adaptive,1.3880002951946477
809.0000000000003,1,Time Pressure Adaptive,1.27939294523613
381.0000000000001,1,Time Pressure Adaptive,1.4605817485208155
733.0000000000003,1,Time Pressure Adaptive,1.2971634601996331
286.0000000000001,1,Time Pressure Adaptive,1.5432140941232646
519.0000000000002,1,Time Pressure Adaptive,1.3756347741421346
1485.999999999969,1,Time Pressure Adaptive,1.2191046494233508
690.0000000000003,1,Time Pressure Adaptive,1.3091650078572354
495.0000000000002,1,Time Pressure Adaptive,1.3880002951946477
424.00000000000017,1,Time Pressure Adaptive,1.4302548331906872
643.0000000000003,1,Time Pressure Adaptive,1.3241810342644218
451.00000000000017,1,Time Pressure Adaptive,1.4131176176786362
404.0000000000001,0,Time Pressure Adaptive,1.4438746314351234
867.0000000000005,1,Time Pressure Adaptive,1.2683106766013015
345.00000000000006,1,Time Pressure Adaptive,1.4891600319746132
329.00000000000006,1,Time Pressure Adaptive,1.5028865136872052
362.0000000000001,1,Time Pressure Adaptive,1.4752798240506253
370.0000000000001,1,Time Pressure Adaptive,1.468988901307718
528.0000000000002,1,Time Pressure Adaptive,1.3712224693985913
489.0000000000002,1,Time Pressure Adaptive,1.3912333103536443
547.0000000000002,1,Time Pressure Adaptive,1.3622897884425351
500.0000000000002,1,Time Pressure Adaptive,1.3853502160491171
586.0000000000003,1,Time Pressure Adaptive,1.3454747408684675
477.0000000000002,1,Time Pressure Adaptive,1.3978765707570096
406.0000000000001,1,Time Pressure Adaptive,1.442475584983006
1250.999999999995,0,Time Pressure Adaptive,1.2284264145528274
692.0000000000003,1,Time Pressure Adaptive,1.3085717992156418
425.00000000000017,1,Time Pressure Adaptive,1.4295950588474606
539.0000000000002,1,Time Pressure Adaptive,1.3659889558152998
381.0000000000001,1,Time Pressure Adaptive,1.4605817485208155
428.00000000000017,1,Time Pressure Adaptive,1.427627570296841
305.0000000000001,1,Time Pressure Adaptive,1.5247520571381743
495.0000000000002,1,Time Pressure Adaptive,1.3880002951946477
706.0000000000005,1,Time Pressure Adaptive,1.3045175194845373
558.0000000000002,1,Time Pressure Adaptive,1.3573462425498088
347.0000000000001,1,Time Pressure Adaptive,1.4874900866286365
869.0000000000005,1,Time Pressure Adaptive,1.267961860037833
393.0000000000001,1,Time Pressure Adaptive,1.4517212514346336
403.0000000000001,1,Time Pressure Adaptive,1.4445773088184959
442.00000000000017,0,Time Pressure Adaptive,1.418676500577055
331.00000000000006,1,Time Pressure Adaptive,1.5011344560342108
477.0000000000002,1,Time Pressure Adaptive,1.3978765707570096
480.0000000000002,1,Time Pressure Adaptive,1.396193267845577
770.0000000000005,1,Time Pressure Adaptive,1.2880059580233851
596.0000000000003,1,Time Pressure Adaptive,1.3414708571844458
563.0000000000002,1,Time Pressure Adaptive,1.3551525427914655
339.00000000000006,1,Time Pressure Adaptive,1.4942304090443423
730.0000000000005,1,Time Pressure Adaptive,1.2979514720757996
446.00000000000017,1,Time Pressure Adaptive,1.4161873473592044
420.00000000000017,1,Time Pressure Adaptive,1.432913813161115
554.0000000000002,1,Time Pressure Adaptive,1.3591250489532012
876.0000000000006,1,Time Pressure Adaptive,1.266757352570767
308.0000000000001,1,Time Pressure Adaptive,1.5219319979257606
535.0000000000002,1,Time Pressure Adaptive,1.36787209954982
365.0000000000001,1,Time Pressure Adaptive,1.4729030173079356
328.00000000000006,1,Time Pressure Adaptive,1.5037664925365568
586.0000000000003,1,Time Pressure Adaptive,1.3454747408684675
380.0000000000001,1,Time Pressure Adaptive,1.4613346225127102
419.00000000000017,1,Time Pressure Adaptive,1.4335835587166224
488.0000000000002,1,Time Pressure Adaptive,1.3917778266507639
512.0000000000002,1,Time Pressure Adaptive,1.3791498838719494
296.0000000000001,1,Time Pressure Adaptive,1.5333661293573344
644.0000000000003,1,Time Pressure Adaptive,1.3238390044628532
385.0000000000001,1,Time Pressure Adaptive,1.4575927374728996
733.0000000000003,0,Time Pressure Adaptive,1.2971634601996331
891.0000000000005,1,Time Pressure Adaptive,1.2642598861331664
1964.9999999999163,1,Time Pressure Adaptive,1.212163625330869
280.00000000000006,1,Time Pressure Adaptive,1.549266253847572
910.0000000000006,1,Time Pressure Adaptive,1.261253566645892
322.0000000000001,1,Time Pressure Adaptive,1.5091021664046107
558.0000000000002,0,Time Pressure Adaptive,1.3573462425498088
489.0000000000002,1,Time Pressure Adaptive,1.3912333103536443
496.0000000000002,1,Time Pressure Adaptive,1.3874670945099912
552.0000000000002,1,Time Pressure Adaptive,1.3600224888743657
512.0000000000002,1,Time Pressure Adaptive,1.3791498838719494
489.0000000000002,1,Time Pressure Adaptive,1.3912333103536443
357.0000000000001,1,Time Pressure Adaptive,1.479289015172749
452.00000000000017,1,Time Pressure Adaptive,1.4125091779415355
293.0000000000001,1,Time Pressure Adaptive,1.5362895602273337
464.00000000000017,0,Time Pressure Adaptive,1.405348512842549
412.00000000000017,1,Time Pressure Adaptive,1.438328460545009
436.00000000000017,1,Time Pressure Adaptive,1.4224666869301408
867.0000000000005,1,Time Pressure Adaptive,1.2683106766013015
668.0000000000003,1,Time Pressure Adaptive,1.3159307108010747
379.0000000000001,1,Time Pressure Adaptive,1.4620897585179042
411.00000000000017,1,Time Pressure Adaptive,1.4390144744329656
493.0000000000002,0,Time Pressure Adaptive,1.3890715073887634
778.0000000000005,1,Time Pressure Adaptive,1.2861561020942063
885.0000000000005,1,Time Pressure Adaptive,1.265245407163916
765.0000000000003,1,Time Pressure Adaptive,1.2891848671074035
275.00000000000006,1,Time Pressure Adaptive,1.5543936066639032
636.0000000000003,1,Time Pressure Adaptive,1.3266041900696077
1031.0000000000007,1,Time Pressure Adaptive,1.245651285627324
339.00000000000006,1,Time Pressure Adaptive,1.4942304090443423
553.0000000000002,1,Time Pressure Adaptive,1.3595730958343475
295.0000000000001,1,Time Pressure Adaptive,1.534337684349228
369.0000000000001,1,Time Pressure Adaptive,1.4697670346280216
297.0000000000001,1,Time Pressure Adaptive,1.5323974846627877
429.00000000000017,1,Time Pressure Adaptive,1.4269756659314268
313.0000000000001,1,Time Pressure Adaptive,1.5172879355009046
328.00000000000006,1,Time Pressure Adaptive,1.5037664925365568
445.00000000000017,1,Time Pressure Adaptive,1.4168068381728844
726.0000000000005,1,Time Pressure Adaptive,1.2990132476528955
353.0000000000001,1,Time Pressure Adaptive,1.482539949952376
656.0000000000003,1,Time Pressure Adaptive,1.3198136906748732
451.00000000000017,1,Time Pressure Adaptive,1.4131176176786362
610.0000000000003,1,Time Pressure Adaptive,1.3360634319801261
784.0000000000005,1,Time Pressure Adaptive,1.2847975558532296
726.0000000000005,1,Time Pressure Adaptive,1.2990132476528955
1252.9999999999948,0,Time Pressure Adaptive,1.2283161870786155
497.0000000000002,1,Time Pressure Adaptive,1.3869354910303833
388.0000000000001,1,Time Pressure Adaptive,1.4553744003265576
373.0000000000001,1,Time Pressure Adaptive,1.4666684588499739
466.00000000000017,1,Time Pressure Adaptive,1.4041799310167145
834.0000000000006,1,Time Pressure Adaptive,1.2743788529399735
659.0000000000003,1,Time Pressure Adaptive,1.3188298016008746
498.0000000000002,1,Time Pressure Adaptive,1.3864054799713887
675.0000000000003,1,Time Pressure Adaptive,1.313729360946735
382.0000000000001,1,Time Pressure Adaptive,1.4598311297663487
839.0000000000005,0,Time Pressure Adaptive,1.2734203766891177
515.0000000000002,1,Time Pressure Adaptive,1.3776343649818459
462.00000000000017,1,Time Pressure Adaptive,1.4065241272359432
510.0000000000002,1,Time Pressure Adaptive,1.3801678339716317
307.0000000000001,1,Time Pressure Adaptive,1.5228691990182759
407.0000000000001,1,Time Pressure Adaptive,1.4417792033228334
462.00000000000017,1,Time Pressure Adaptive,1.4065241272359432
536.0000000000002,1,Time Pressure Adaptive,1.3673991929657263
304.0000000000001,1,Time Pressure Adaptive,1.5256977311112931
441.00000000000017,1,Time Pressure Adaptive,1.4193034700627876
754.0000000000005,1,Time Pressure Adaptive,1.2918415620986081
373.0000000000001,1,Time Pressure Adaptive,1.4666684588499739
893.0000000000005,1,Time Pressure Adaptive,1.2639353015438886
774.0000000000005,0,Time Pressure Adaptive,1.287075480557602
979.0000000000006,1,Time Pressure Adaptive,1.2516701568150577
380.0000000000001,1,Time Pressure Adaptive,1.4613346225127102
488.0000000000002,1,Time Pressure Adaptive,1.3917778266507639
338.00000000000006,1,Time Pressure Adaptive,1.4950843805883127
434.00000000000017,1,Time Pressure Adaptive,1.4237453191123741
328.00000000000006,1,Time Pressure Adaptive,1.5037664925365568
927.0000000000005,1,Time Pressure Adaptive,1.2587051711723034
280.00000000000006,1,Time Pressure Adaptive,1.549266253847572
1228.9999999999975,1,Time Pressure Adaptive,1.2296835883269064
412.00000000000017,1,Time Pressure Adaptive,1.438328460545009
865.0000000000005,1,Time Pressure Adaptive,1.268661592355425
351.0000000000001,0,Time Pressure Adaptive,1.4841801051973624
482.0000000000002,1,Time Pressure Adaptive,1.3950794530244097
596.0000000000003,1,Time Pressure Adaptive,1.3414708571844458
540.0000000000002,1,Time Pressure Adaptive,1.3655216901967309
304.0000000000001,1,Time Pressure Adaptive,1.5256977311112931
308.0000000000001,1,Time Pressure Adaptive,1.5219319979257606
626.0000000000003,1,Time Pressure Adaptive,1.330155316335205
284.0000000000001,1,Time Pressure Adaptive,1.545219388555421
373.0000000000001,1,Time Pressure Adaptive,1.4666684588499739
388.0000000000001,1,Time Pressure Adaptive,1.4553744003265576
788.0000000000005,1,Time Pressure Adaptive,1.2839053491297867
611.0000000000003,1,Time Pressure Adaptive,1.3356858084027694
718.0000000000005,1,Time Pressure Adaptive,1.301175407734861
591.0000000000003,0,Time Pressure Adaptive,1.3434577847441584
295.0000000000001,1,Time Pressure Adaptive,1.534337684349228
1054.0000000000007,1,Time Pressure Adaptive,1.2432742960550702
900.0000000000006,1,Time Pressure Adaptive,1.2628144701315482
566.0000000000002,1,Time Pressure Adaptive,1.3538520309879012
841.0000000000005,1,Time Pressure Adaptive,1.2730409937160505
326.00000000000006,1,Time Pressure Adaptive,1.505534389880118
587.0000000000003,1,Time Pressure Adaptive,1.3450689256730166
311.0000000000001,1,Time Pressure Adaptive,1.5191372053757282
769.0000000000003,1,Time Pressure Adaptive,1.2882403272755567
568.0000000000002,1,Time Pressure Adaptive,1.3529915029676172
257.00000000000006,1,Time Pressure Adaptive,1.573502148914403
384.0000000000001,1,Time Pressure Adaptive,1.4583366309676404
336.00000000000006,1,Time Pressure Adaptive,1.4968000286691439
411.00000000000017,1,Time Pressure Adaptive,1.4390144744329656
936.0000000000006,1,Time Pressure Adaptive,1.2574077258809284
650.0000000000003,0,Time Pressure Adaptive,1.321808234145877
737.0000000000003,1,Time Pressure Adaptive,1.2961237494184243
428.00000000000017,1,Time Pressure Adaptive,1.427627570296841
571.0000000000003,1,Time Pressure Adaptive,1.3517103532623311
1839.9999999999302,0,Time Pressure Adaptive,1.2131480562808648
478.0000000000002,1,Time Pressure Adaptive,1.3973137856444962
1080.0000000000007,1,Time Pressure Adaptive,1.2407775401692178
