trial,coherence,rt,response,correct,v,a
1,0.1,0.8980000000000004,0,False,0.5,1.5
2,0.1,0.45600000000000007,0,False,0.5,1.5
3,0.1,0.8500000000000003,1,True,0.5,1.5
4,0.1,0.8740000000000003,0,False,0.5,1.5
5,0.1,0.5660000000000002,1,True,0.5,1.5
6,0.1,1.0950000000000006,1,True,0.5,1.5
7,0.1,0.7490000000000003,0,False,0.5,1.5
8,0.1,0.37700000000000006,1,True,0.5,1.5
9,0.1,0.7620000000000003,1,True,0.5,1.5
10,0.1,0.7160000000000003,1,True,0.5,1.5
11,0.1,0.6540000000000002,0,False,0.5,1.5
12,0.1,0.6840000000000003,0,False,0.5,1.5
13,0.1,0.38500000000000006,0,False,0.5,1.5
14,0.1,0.7510000000000003,1,True,0.5,1.5
15,0.1,0.6050000000000002,1,True,0.5,1.5
16,0.1,0.7440000000000003,1,True,0.5,1.5
17,0.1,1.4809999999999808,1,True,0.5,1.5
18,0.1,0.8050000000000004,0,False,0.5,1.5
19,0.1,0.39100000000000007,1,True,0.5,1.5
20,0.1,0.6800000000000003,1,True,0.5,1.5
21,0.1,0.5560000000000002,1,True,0.5,1.5
22,0.1,0.36900000000000005,1,True,0.5,1.5
23,0.1,0.4690000000000001,0,False,0.5,1.5
24,0.1,0.38000000000000006,0,False,0.5,1.5
25,0.1,1.0730000000000006,1,True,0.5,1.5
26,0.1,0.6850000000000003,1,True,0.5,1.5
27,0.1,0.7940000000000004,1,True,0.5,1.5
28,0.1,0.6140000000000002,1,True,0.5,1.5
29,0.1,0.35300000000000004,0,False,0.5,1.5
30,0.1,1.0240000000000005,0,False,0.5,1.5
31,0.1,0.8260000000000003,0,False,0.5,1.5
32,0.1,0.4900000000000001,1,True,0.5,1.5
33,0.1,1.39799999999999,0,False,0.5,1.5
34,0.1,0.6280000000000002,1,True,0.5,1.5
35,0.1,0.4130000000000001,0,False,0.5,1.5
36,0.1,0.44300000000000006,1,True,0.5,1.5
37,0.1,0.9860000000000004,1,True,0.5,1.5
38,0.1,0.9550000000000005,1,True,0.5,1.5
39,0.1,1.695999999999957,1,True,0.5,1.5
40,0.1,0.6480000000000002,1,True,0.5,1.5
41,0.1,1.4579999999999833,1,True,0.5,1.5
42,0.1,1.7859999999999472,1,True,0.5,1.5
43,0.1,1.0430000000000006,0,False,0.5,1.5
44,0.1,0.5840000000000002,0,False,0.5,1.5
45,0.1,0.9110000000000005,0,False,0.5,1.5
46,0.1,1.0870000000000006,0,False,0.5,1.5
47,0.1,1.6119999999999663,1,True,0.5,1.5
48,0.1,0.9500000000000004,1,True,0.5,1.5
49,0.1,0.9340000000000004,0,False,0.5,1.5
50,0.1,0.7800000000000004,0,False,0.5,1.5
51,0.1,0.45200000000000007,0,False,0.5,1.5
52,0.1,0.8210000000000004,1,True,0.5,1.5
53,0.1,0.8290000000000004,0,False,0.5,1.5
54,0.1,0.7470000000000003,0,False,0.5,1.5
55,0.1,0.5160000000000001,1,True,0.5,1.5
56,0.1,0.5430000000000001,1,True,0.5,1.5
57,0.1,0.7420000000000003,1,True,0.5,1.5
58,0.1,0.5000000000000001,1,True,0.5,1.5
59,0.1,0.8420000000000003,1,True,0.5,1.5
60,0.1,0.5890000000000002,1,True,0.5,1.5
61,0.1,0.7330000000000003,1,True,0.5,1.5
62,0.1,0.5100000000000001,1,True,0.5,1.5
63,0.1,0.4720000000000001,0,False,0.5,1.5
64,0.1,0.9410000000000005,1,True,0.5,1.5
65,0.1,0.34400000000000003,1,True,0.5,1.5
66,0.1,0.5290000000000001,1,True,0.5,1.5
67,0.1,0.5460000000000002,1,True,0.5,1.5
68,0.1,1.1540000000000006,1,True,0.5,1.5
69,0.1,0.5180000000000001,1,True,0.5,1.5
70,0.1,0.7810000000000004,0,False,0.5,1.5
71,0.1,0.6440000000000002,1,True,0.5,1.5
72,0.1,1.1170000000000007,0,False,0.5,1.5
73,0.1,1.0070000000000006,1,True,0.5,1.5
74,0.1,1.4379999999999855,1,True,0.5,1.5
75,0.1,0.8630000000000004,1,True,0.5,1.5
76,0.1,0.8690000000000004,0,False,0.5,1.5
77,0.1,0.43400000000000005,1,True,0.5,1.5
78,0.1,0.3950000000000001,1,True,0.5,1.5
79,0.1,0.5550000000000002,0,False,0.5,1.5
80,0.1,1.1410000000000007,1,True,0.5,1.5
81,0.1,1.0860000000000005,1,True,0.5,1.5
82,0.1,1.9259999999999318,1,True,0.5,1.5
83,0.1,0.6770000000000003,0,False,0.5,1.5
84,0.1,0.4640000000000001,0,False,0.5,1.5
85,0.1,1.7109999999999554,1,True,0.5,1.5
86,0.1,1.2810000000000008,0,False,0.5,1.5
87,0.1,2.12299999999991,1,True,0.5,1.5
88,0.1,0.8620000000000003,0,False,0.5,1.5
89,0.1,0.9750000000000005,0,False,0.5,1.5
90,0.1,0.7870000000000004,1,True,0.5,1.5
91,0.1,1.0770000000000006,0,False,0.5,1.5
92,0.1,0.4120000000000001,0,False,0.5,1.5
93,0.1,0.4940000000000001,0,False,0.5,1.5
94,0.1,1.2400000000000007,1,True,0.5,1.5
95,0.1,0.7010000000000003,1,True,0.5,1.5
96,0.1,1.1830000000000007,1,True,0.5,1.5
97,0.1,0.43300000000000005,1,True,0.5,1.5
98,0.1,1.9209999999999323,0,False,0.5,1.5
99,0.1,0.7340000000000003,1,True,0.5,1.5
100,0.1,0.5330000000000001,1,True,0.5,1.5
101,0.1,0.5230000000000001,0,False,0.5,1.5
102,0.1,2.296999999999891,0,False,0.5,1.5
103,0.1,1.1700000000000006,1,True,0.5,1.5
104,0.1,0.8850000000000005,1,True,0.5,1.5
105,0.1,0.5430000000000001,1,True,0.5,1.5
106,0.1,0.5650000000000002,1,True,0.5,1.5
107,0.1,1.1620000000000006,0,False,0.5,1.5
108,0.1,0.8160000000000003,0,False,0.5,1.5
109,0.1,0.9500000000000004,1,True,0.5,1.5
110,0.1,1.2130000000000007,0,False,0.5,1.5
111,0.1,0.4040000000000001,0,False,0.5,1.5
112,0.1,1.6279999999999646,1,True,0.5,1.5
113,0.1,1.2660000000000007,1,True,0.5,1.5
114,0.1,0.7700000000000004,0,False,0.5,1.5
115,0.1,0.6410000000000002,0,False,0.5,1.5
116,0.1,0.8140000000000003,1,True,0.5,1.5
117,0.1,0.6150000000000002,1,True,0.5,1.5
118,0.1,1.5229999999999762,1,True,0.5,1.5
119,0.1,0.4150000000000001,1,True,0.5,1.5
120,0.1,0.7760000000000004,1,True,0.5,1.5
121,0.1,0.8050000000000004,0,False,0.5,1.5
122,0.1,0.5380000000000001,1,True,0.5,1.5
123,0.1,0.5380000000000001,1,True,0.5,1.5
124,0.1,1.1040000000000005,1,True,0.5,1.5
125,0.1,1.2570000000000008,1,True,0.5,1.5
126,0.1,0.4220000000000001,0,False,0.5,1.5
127,0.1,0.9590000000000005,1,True,0.5,1.5
128,0.1,0.5610000000000002,0,False,0.5,1.5
129,0.1,0.43100000000000005,1,True,0.5,1.5
130,0.1,1.8169999999999438,0,False,0.5,1.5
131,0.1,0.8420000000000003,0,False,0.5,1.5
132,0.1,0.8190000000000004,1,True,0.5,1.5
133,0.1,0.4190000000000001,1,True,0.5,1.5
134,0.1,0.5100000000000001,1,True,0.5,1.5
135,0.1,1.1280000000000006,0,False,0.5,1.5
136,0.1,0.44600000000000006,1,True,0.5,1.5
137,0.1,2.5119999999998672,1,True,0.5,1.5
138,0.1,1.3309999999999973,1,True,0.5,1.5
139,0.1,0.5130000000000001,1,True,0.5,1.5
140,0.1,1.1050000000000006,0,False,0.5,1.5
141,0.1,0.7540000000000003,1,True,0.5,1.5
142,0.1,1.1230000000000007,1,True,0.5,1.5
143,0.1,0.5240000000000001,0,False,0.5,1.5
144,0.1,0.4190000000000001,1,True,0.5,1.5
145,0.1,0.4890000000000001,1,True,0.5,1.5
146,0.1,1.7389999999999524,1,True,0.5,1.5
147,0.1,2.6159999999998558,0,False,0.5,1.5
148,0.1,1.3459999999999956,0,False,0.5,1.5
149,0.1,0.8700000000000003,1,True,0.5,1.5
150,0.1,0.5410000000000001,0,False,0.5,1.5
151,0.1,0.6980000000000003,1,True,0.5,1.5
152,0.1,0.5480000000000002,0,False,0.5,1.5
153,0.1,1.2120000000000006,0,False,0.5,1.5
154,0.1,0.5020000000000001,1,True,0.5,1.5
155,0.1,1.2430000000000008,1,True,0.5,1.5
156,0.1,0.5100000000000001,0,False,0.5,1.5
157,0.1,0.4740000000000001,1,True,0.5,1.5
158,0.1,0.8340000000000003,1,True,0.5,1.5
159,0.1,0.5600000000000002,1,True,0.5,1.5
160,0.1,1.3099999999999996,1,True,0.5,1.5
161,0.1,0.7560000000000003,1,True,0.5,1.5
162,0.1,1.3589999999999942,1,True,0.5,1.5
163,0.1,1.2810000000000008,1,True,0.5,1.5
164,0.1,0.5950000000000002,1,True,0.5,1.5
165,0.1,0.5760000000000002,1,True,0.5,1.5
166,0.1,0.7650000000000003,0,False,0.5,1.5
167,0.1,1.1680000000000006,1,True,0.5,1.5
168,0.1,0.5930000000000002,0,False,0.5,1.5
169,0.1,1.0320000000000005,0,False,0.5,1.5
170,0.1,0.7080000000000003,1,True,0.5,1.5
171,0.1,1.387999999999991,1,True,0.5,1.5
172,0.1,1.2860000000000007,1,True,0.5,1.5
173,0.1,0.6710000000000003,0,False,0.5,1.5
174,0.1,1.2600000000000007,1,True,0.5,1.5
175,0.1,0.5910000000000002,1,True,0.5,1.5
176,0.1,0.4580000000000001,1,True,0.5,1.5
177,0.1,0.9590000000000005,1,True,0.5,1.5
178,0.1,3.693999999999737,1,True,0.5,1.5
179,0.1,1.0940000000000005,1,True,0.5,1.5
180,0.1,0.9110000000000005,1,True,0.5,1.5
181,0.1,0.4840000000000001,1,True,0.5,1.5
182,0.1,0.4620000000000001,0,False,0.5,1.5
183,0.1,0.5270000000000001,1,True,0.5,1.5
184,0.1,1.0210000000000006,1,True,0.5,1.5
185,0.1,0.9510000000000005,1,True,0.5,1.5
186,0.1,1.2840000000000007,0,False,0.5,1.5
187,0.1,0.9410000000000005,1,True,0.5,1.5
188,0.1,1.0090000000000006,1,True,0.5,1.5
189,0.1,0.4770000000000001,1,True,0.5,1.5
190,0.1,0.7110000000000003,0,False,0.5,1.5
191,0.1,0.35500000000000004,0,False,0.5,1.5
192,0.1,0.5880000000000002,1,True,0.5,1.5
193,0.1,0.7280000000000003,0,False,0.5,1.5
194,0.1,0.8130000000000004,1,True,0.5,1.5
195,0.1,0.9210000000000005,1,True,0.5,1.5
196,0.1,0.6260000000000002,0,False,0.5,1.5
197,0.1,0.7620000000000003,1,True,0.5,1.5
198,0.1,0.8780000000000003,1,True,0.5,1.5
199,0.1,0.38400000000000006,1,True,0.5,1.5
200,0.1,0.3960000000000001,1,True,0.5,1.5
201,0.1,0.5090000000000001,1,True,0.5,1.5
202,0.1,1.1850000000000007,0,False,0.5,1.5
203,0.1,0.7550000000000003,1,True,0.5,1.5
204,0.1,1.2120000000000006,0,False,0.5,1.5
205,0.1,1.0430000000000006,0,False,0.5,1.5
206,0.1,0.7620000000000003,1,True,0.5,1.5
207,0.1,0.7680000000000003,1,True,0.5,1.5
208,0.1,0.4140000000000001,1,True,0.5,1.5
209,0.1,0.7850000000000004,1,True,0.5,1.5
210,0.1,0.3950000000000001,0,False,0.5,1.5
211,0.1,0.7750000000000004,1,True,0.5,1.5
212,0.1,0.5150000000000001,1,True,0.5,1.5
213,0.1,0.9090000000000005,1,True,0.5,1.5
214,0.1,0.6450000000000002,1,True,0.5,1.5
215,0.1,0.7300000000000003,1,True,0.5,1.5
216,0.1,0.4630000000000001,1,True,0.5,1.5
217,0.1,0.9080000000000004,0,False,0.5,1.5
218,0.1,0.5570000000000002,1,True,0.5,1.5
219,0.1,1.5359999999999747,0,False,0.5,1.5
220,0.1,1.306,0,False,0.5,1.5
221,0.1,0.5910000000000002,1,True,0.5,1.5
222,0.1,0.8910000000000005,1,True,0.5,1.5
223,0.1,0.39100000000000007,0,False,0.5,1.5
224,0.1,0.9450000000000005,1,True,0.5,1.5
225,0.1,0.5210000000000001,0,False,0.5,1.5
226,0.1,1.0210000000000006,1,True,0.5,1.5
227,0.1,0.4670000000000001,0,False,0.5,1.5
228,0.1,0.39200000000000007,0,False,0.5,1.5
229,0.1,0.43500000000000005,1,True,0.5,1.5
230,0.1,0.9360000000000004,1,True,0.5,1.5
231,0.1,0.9550000000000005,1,True,0.5,1.5
232,0.1,1.8369999999999416,1,True,0.5,1.5
233,0.1,0.9610000000000005,1,True,0.5,1.5
234,0.1,0.8520000000000003,1,True,0.5,1.5
235,0.1,0.8450000000000004,0,False,0.5,1.5
236,0.1,1.496999999999979,0,False,0.5,1.5
237,0.1,1.3779999999999921,1,True,0.5,1.5
238,0.1,0.6140000000000002,0,False,0.5,1.5
239,0.1,0.6570000000000003,1,True,0.5,1.5
240,0.1,0.5390000000000001,1,True,0.5,1.5
241,0.1,1.2070000000000007,0,False,0.5,1.5
242,0.1,0.6750000000000003,1,True,0.5,1.5
243,0.1,1.2870000000000008,1,True,0.5,1.5
244,0.1,0.8340000000000003,1,True,0.5,1.5
245,0.1,0.4710000000000001,1,True,0.5,1.5
246,0.1,1.1230000000000007,1,True,0.5,1.5
247,0.1,0.5570000000000002,1,True,0.5,1.5
248,0.1,0.6260000000000002,0,False,0.5,1.5
249,0.1,1.441999999999985,1,True,0.5,1.5
250,0.1,1.6549999999999616,0,False,0.5,1.5
251,0.1,0.6600000000000003,0,False,0.5,1.5
252,0.1,0.4830000000000001,1,True,0.5,1.5
253,0.1,0.5930000000000002,1,True,0.5,1.5
254,0.1,0.5090000000000001,0,False,0.5,1.5
255,0.1,0.7860000000000004,1,True,0.5,1.5
256,0.1,2.0189999999999215,1,True,0.5,1.5
257,0.1,1.5399999999999743,1,True,0.5,1.5
258,0.1,1.379999999999992,0,False,0.5,1.5
259,0.1,1.1240000000000006,0,False,0.5,1.5
260,0.1,1.8279999999999426,1,True,0.5,1.5
261,0.1,1.5189999999999766,1,True,0.5,1.5
262,0.1,1.1840000000000006,0,False,0.5,1.5
263,0.1,0.8520000000000003,0,False,0.5,1.5
264,0.1,0.7560000000000003,0,False,0.5,1.5
265,0.1,0.5860000000000002,1,True,0.5,1.5
266,0.1,1.1290000000000007,1,True,0.5,1.5
267,0.1,1.0980000000000005,1,True,0.5,1.5
268,0.1,1.742999999999952,1,True,0.5,1.5
269,0.1,1.3459999999999956,0,False,0.5,1.5
270,0.1,0.5430000000000001,1,True,0.5,1.5
271,0.1,2.0719999999999157,0,False,0.5,1.5
272,0.1,0.9600000000000004,1,True,0.5,1.5
273,0.1,1.6749999999999594,1,True,0.5,1.5
274,0.1,0.4640000000000001,1,True,0.5,1.5
275,0.1,1.3919999999999906,1,True,0.5,1.5
276,0.1,0.4710000000000001,1,True,0.5,1.5
277,0.1,0.5760000000000002,0,False,0.5,1.5
278,0.1,0.6090000000000002,1,True,0.5,1.5
279,0.1,0.6950000000000003,0,False,0.5,1.5
280,0.1,0.44700000000000006,1,True,0.5,1.5
281,0.1,0.43400000000000005,1,True,0.5,1.5
282,0.1,0.6690000000000003,1,True,0.5,1.5
283,0.1,0.5040000000000001,1,True,0.5,1.5
284,0.1,0.5890000000000002,1,True,0.5,1.5
285,0.1,0.4580000000000001,1,True,0.5,1.5
286,0.1,0.9120000000000004,0,False,0.5,1.5
287,0.1,0.5800000000000002,0,False,0.5,1.5
288,0.1,1.1370000000000007,1,True,0.5,1.5
289,0.1,1.4729999999999817,0,False,0.5,1.5
290,0.1,0.5570000000000002,0,False,0.5,1.5
291,0.1,0.6360000000000002,0,False,0.5,1.5
292,0.1,0.6130000000000002,1,True,0.5,1.5
293,0.1,0.7910000000000004,0,False,0.5,1.5
294,0.1,1.2690000000000008,0,False,0.5,1.5
295,0.1,0.5830000000000002,1,True,0.5,1.5
296,0.1,0.6730000000000003,0,False,0.5,1.5
297,0.1,0.4770000000000001,0,False,0.5,1.5
298,0.1,0.6100000000000002,0,False,0.5,1.5
299,0.1,0.4950000000000001,0,False,0.5,1.5
300,0.1,0.5320000000000001,1,True,0.5,1.5
301,0.1,0.4190000000000001,1,True,0.5,1.5
302,0.1,0.9860000000000004,1,True,0.5,1.5
303,0.1,1.7499999999999512,1,True,0.5,1.5
304,0.1,0.5630000000000002,0,False,0.5,1.5
305,0.1,0.6860000000000003,1,True,0.5,1.5
306,0.1,1.5889999999999689,0,False,0.5,1.5
307,0.1,0.4680000000000001,0,False,0.5,1.5
308,0.1,0.5900000000000002,1,True,0.5,1.5
309,0.1,0.5640000000000002,1,True,0.5,1.5
310,0.1,0.6780000000000003,1,True,0.5,1.5
311,0.1,0.36700000000000005,1,True,0.5,1.5
312,0.1,0.5800000000000002,1,True,0.5,1.5
313,0.1,0.7030000000000003,0,False,0.5,1.5
314,0.1,0.5420000000000001,1,True,0.5,1.5
315,0.1,0.6020000000000002,1,True,0.5,1.5
316,0.1,0.5300000000000001,1,True,0.5,1.5
317,0.1,0.5450000000000002,1,True,0.5,1.5
318,0.1,0.4580000000000001,0,False,0.5,1.5
319,0.1,1.1490000000000007,1,True,0.5,1.5
320,0.1,0.44800000000000006,0,False,0.5,1.5
321,0.1,0.5300000000000001,1,True,0.5,1.5
322,0.1,0.5430000000000001,0,False,0.5,1.5
323,0.1,0.6270000000000002,1,True,0.5,1.5
324,0.1,0.6460000000000002,1,True,0.5,1.5
325,0.1,0.6990000000000003,0,False,0.5,1.5
326,0.1,0.9470000000000005,1,True,0.5,1.5
327,0.1,0.8350000000000004,1,True,0.5,1.5
328,0.1,0.4620000000000001,1,True,0.5,1.5
329,0.1,0.6400000000000002,0,False,0.5,1.5
330,0.1,0.8820000000000003,1,True,0.5,1.5
331,0.1,0.5060000000000001,1,True,0.5,1.5
332,0.1,0.44000000000000006,1,True,0.5,1.5
333,0.1,0.6040000000000002,0,False,0.5,1.5
334,0.25,1.2580000000000007,1,True,1.5,1.5
335,0.25,0.7800000000000004,1,True,1.5,1.5
336,0.25,0.5470000000000002,1,True,1.5,1.5
337,0.25,1.1280000000000006,1,True,1.5,1.5
338,0.25,0.8210000000000004,1,True,1.5,1.5
339,0.25,0.4700000000000001,1,True,1.5,1.5
340,0.25,0.8490000000000004,1,True,1.5,1.5
341,0.25,2.1259999999999097,1,True,1.5,1.5
342,0.25,0.42800000000000005,0,False,1.5,1.5
343,0.25,0.45100000000000007,1,True,1.5,1.5
344,0.25,1.0530000000000006,1,True,1.5,1.5
345,0.25,0.5030000000000001,1,True,1.5,1.5
346,0.25,1.3349999999999969,1,True,1.5,1.5
347,0.25,1.2360000000000007,1,True,1.5,1.5
348,0.25,1.1730000000000007,1,True,1.5,1.5
349,0.25,0.44100000000000006,1,True,1.5,1.5
350,0.25,0.44600000000000006,1,True,1.5,1.5
351,0.25,0.5950000000000002,1,True,1.5,1.5
352,0.25,0.7820000000000004,1,True,1.5,1.5
353,0.25,0.45400000000000007,1,True,1.5,1.5
354,0.25,0.5200000000000001,0,False,1.5,1.5
355,0.25,0.5840000000000002,1,True,1.5,1.5
356,0.25,0.5030000000000001,1,True,1.5,1.5
357,0.25,0.4960000000000001,1,True,1.5,1.5
358,0.25,0.5740000000000002,1,True,1.5,1.5
359,0.25,0.5040000000000001,1,True,1.5,1.5
360,0.25,1.0500000000000005,1,True,1.5,1.5
361,0.25,1.3629999999999938,1,True,1.5,1.5
362,0.25,0.5330000000000001,1,True,1.5,1.5
363,0.25,1.2690000000000008,1,True,1.5,1.5
364,0.25,0.8900000000000003,1,True,1.5,1.5
365,0.25,0.44600000000000006,1,True,1.5,1.5
366,0.25,0.5220000000000001,1,True,1.5,1.5
367,0.25,0.6370000000000002,1,True,1.5,1.5
368,0.25,0.5240000000000001,1,True,1.5,1.5
369,0.25,0.5240000000000001,1,True,1.5,1.5
370,0.25,0.5320000000000001,1,True,1.5,1.5
371,0.25,0.6340000000000002,1,True,1.5,1.5
372,0.25,0.5980000000000002,0,False,1.5,1.5
373,0.25,0.5530000000000002,1,True,1.5,1.5
374,0.25,0.7460000000000003,1,True,1.5,1.5
375,0.25,1.1120000000000005,1,True,1.5,1.5
376,0.25,0.8210000000000004,1,True,1.5,1.5
377,0.25,0.5340000000000001,1,True,1.5,1.5
378,0.25,1.0380000000000005,1,True,1.5,1.5
379,0.25,0.4960000000000001,1,True,1.5,1.5
380,0.25,0.5180000000000001,1,True,1.5,1.5
381,0.25,0.39300000000000007,0,False,1.5,1.5
382,0.25,0.6520000000000002,1,True,1.5,1.5
383,0.25,0.4740000000000001,1,True,1.5,1.5
384,0.25,1.324999999999998,1,True,1.5,1.5
385,0.25,0.4820000000000001,1,True,1.5,1.5
386,0.25,1.424999999999987,1,True,1.5,1.5
387,0.25,0.44700000000000006,1,True,1.5,1.5
388,0.25,0.5200000000000001,1,True,1.5,1.5
389,0.25,0.5200000000000001,1,True,1.5,1.5
390,0.25,1.0080000000000005,1,True,1.5,1.5
391,0.25,0.5500000000000002,1,True,1.5,1.5
392,0.25,0.6380000000000002,1,True,1.5,1.5
393,0.25,1.5759999999999703,1,True,1.5,1.5
394,0.25,1.695999999999957,1,True,1.5,1.5
395,0.25,1.1060000000000005,1,True,1.5,1.5
396,0.25,0.8300000000000003,1,True,1.5,1.5
397,0.25,0.6350000000000002,0,False,1.5,1.5
398,0.25,0.4240000000000001,1,True,1.5,1.5
399,0.25,0.5240000000000001,1,True,1.5,1.5
400,0.25,0.45200000000000007,1,True,1.5,1.5
401,0.25,0.5670000000000002,0,False,1.5,1.5
402,0.25,0.6230000000000002,1,True,1.5,1.5
403,0.25,0.7740000000000004,1,True,1.5,1.5
404,0.25,0.45100000000000007,1,True,1.5,1.5
405,0.25,0.4200000000000001,1,True,1.5,1.5
406,0.25,0.5120000000000001,1,True,1.5,1.5
407,0.25,0.5120000000000001,1,True,1.5,1.5
408,0.25,0.5070000000000001,1,True,1.5,1.5
409,0.25,0.6020000000000002,0,False,1.5,1.5
410,0.25,0.9030000000000005,1,True,1.5,1.5
411,0.25,0.6000000000000002,1,True,1.5,1.5
412,0.25,0.8390000000000004,0,False,1.5,1.5
413,0.25,0.8330000000000004,1,True,1.5,1.5
414,0.25,0.4140000000000001,1,True,1.5,1.5
415,0.25,0.43900000000000006,1,True,1.5,1.5
416,0.25,0.5100000000000001,1,True,1.5,1.5
417,0.25,0.8180000000000003,1,True,1.5,1.5
418,0.25,0.4690000000000001,1,True,1.5,1.5
419,0.25,2.3649999999998834,1,True,1.5,1.5
420,0.25,0.43100000000000005,1,True,1.5,1.5
421,0.25,0.5570000000000002,0,False,1.5,1.5
422,0.25,0.4840000000000001,1,True,1.5,1.5
423,0.25,1.0770000000000006,1,True,1.5,1.5
424,0.25,0.5730000000000002,0,False,1.5,1.5
425,0.25,0.44100000000000006,1,True,1.5,1.5
426,0.25,0.43400000000000005,1,True,1.5,1.5
427,0.25,0.4030000000000001,1,True,1.5,1.5
428,0.25,0.4920000000000001,1,True,1.5,1.5
429,0.25,0.3990000000000001,1,True,1.5,1.5
430,0.25,0.7040000000000003,1,True,1.5,1.5
431,0.25,0.44400000000000006,0,False,1.5,1.5
432,0.25,0.7520000000000003,1,True,1.5,1.5
433,0.25,1.542999999999974,1,True,1.5,1.5
434,0.25,0.45000000000000007,1,True,1.5,1.5
435,0.25,1.0910000000000006,1,True,1.5,1.5
436,0.25,0.5820000000000002,1,True,1.5,1.5
437,0.25,0.6470000000000002,1,True,1.5,1.5
438,0.25,0.6340000000000002,1,True,1.5,1.5
439,0.25,0.44100000000000006,1,True,1.5,1.5
440,0.25,1.887999999999936,1,True,1.5,1.5
441,0.25,0.8340000000000003,0,False,1.5,1.5
442,0.25,0.5540000000000002,1,True,1.5,1.5
443,0.25,0.6210000000000002,1,True,1.5,1.5
444,0.25,0.7460000000000003,1,True,1.5,1.5
445,0.25,0.8540000000000003,1,True,1.5,1.5
446,0.25,0.5240000000000001,1,True,1.5,1.5
447,0.25,0.34600000000000003,1,True,1.5,1.5
448,0.25,0.7190000000000003,1,True,1.5,1.5
449,0.25,0.5080000000000001,0,False,1.5,1.5
450,0.25,0.5440000000000002,1,True,1.5,1.5
451,0.25,1.0390000000000006,0,False,1.5,1.5
452,0.25,0.9290000000000005,1,True,1.5,1.5
453,0.25,0.342,1,True,1.5,1.5
454,0.25,1.1510000000000007,1,True,1.5,1.5
455,0.25,0.4950000000000001,0,False,1.5,1.5
456,0.25,0.35200000000000004,0,False,1.5,1.5
457,0.25,0.5460000000000002,1,True,1.5,1.5
458,0.25,0.45200000000000007,1,True,1.5,1.5
459,0.25,0.5230000000000001,1,True,1.5,1.5
460,0.25,0.5850000000000002,1,True,1.5,1.5
461,0.25,0.9040000000000004,1,True,1.5,1.5
462,0.25,0.8210000000000004,1,True,1.5,1.5
463,0.25,1.3839999999999915,1,True,1.5,1.5
464,0.25,0.5030000000000001,1,True,1.5,1.5
465,0.25,0.34700000000000003,1,True,1.5,1.5
466,0.25,0.3940000000000001,1,True,1.5,1.5
467,0.25,0.45600000000000007,1,True,1.5,1.5
468,0.25,0.4610000000000001,0,False,1.5,1.5
469,0.25,0.4930000000000001,1,True,1.5,1.5
470,0.25,1.1550000000000007,1,True,1.5,1.5
471,0.25,0.6940000000000003,1,True,1.5,1.5
472,0.25,0.7950000000000004,1,True,1.5,1.5
473,0.25,0.5950000000000002,1,True,1.5,1.5
474,0.25,1.0210000000000006,1,True,1.5,1.5
475,0.25,1.0330000000000006,1,True,1.5,1.5
476,0.25,0.5840000000000002,1,True,1.5,1.5
477,0.25,0.8310000000000004,1,True,1.5,1.5
478,0.25,0.4080000000000001,1,True,1.5,1.5
479,0.25,0.6860000000000003,1,True,1.5,1.5
480,0.25,0.5150000000000001,1,True,1.5,1.5
481,0.25,0.9090000000000005,1,True,1.5,1.5
482,0.25,0.5170000000000001,1,True,1.5,1.5
483,0.25,0.5630000000000002,1,True,1.5,1.5
484,0.25,0.5180000000000001,1,True,1.5,1.5
485,0.25,0.7320000000000003,1,True,1.5,1.5
486,0.25,1.0310000000000006,1,True,1.5,1.5
487,0.25,0.6270000000000002,1,True,1.5,1.5
488,0.25,0.6200000000000002,1,True,1.5,1.5
489,0.25,0.45000000000000007,1,True,1.5,1.5
490,0.25,0.44600000000000006,1,True,1.5,1.5
491,0.25,0.6240000000000002,1,True,1.5,1.5
492,0.25,1.8989999999999347,0,False,1.5,1.5
493,0.25,0.38700000000000007,1,True,1.5,1.5
494,0.25,0.38700000000000007,1,True,1.5,1.5
495,0.25,0.5250000000000001,1,True,1.5,1.5
496,0.25,2.2089999999999006,1,True,1.5,1.5
497,0.25,0.6640000000000003,0,False,1.5,1.5
498,0.25,0.9070000000000005,1,True,1.5,1.5
499,0.25,0.4160000000000001,1,True,1.5,1.5
500,0.25,1.4819999999999807,1,True,1.5,1.5
501,0.25,0.6270000000000002,1,True,1.5,1.5
502,0.25,0.43600000000000005,1,True,1.5,1.5
503,0.25,0.39100000000000007,0,False,1.5,1.5
504,0.25,0.4930000000000001,1,True,1.5,1.5
505,0.25,0.9160000000000004,1,True,1.5,1.5
506,0.25,0.6800000000000003,1,True,1.5,1.5
507,0.25,0.9140000000000004,1,True,1.5,1.5
508,0.25,0.6110000000000002,1,True,1.5,1.5
509,0.25,0.9890000000000005,1,True,1.5,1.5
510,0.25,0.5430000000000001,1,True,1.5,1.5
511,0.25,1.478999999999981,1,True,1.5,1.5
512,0.25,0.5470000000000002,1,True,1.5,1.5
513,0.25,0.5750000000000002,1,True,1.5,1.5
514,0.25,0.7860000000000004,1,True,1.5,1.5
515,0.25,0.7970000000000004,1,True,1.5,1.5
516,0.25,0.4230000000000001,1,True,1.5,1.5
517,0.25,1.6929999999999574,1,True,1.5,1.5
518,0.25,0.6820000000000003,1,True,1.5,1.5
519,0.25,0.5710000000000002,1,True,1.5,1.5
520,0.25,1.0290000000000006,1,True,1.5,1.5
521,0.25,0.8370000000000004,1,True,1.5,1.5
522,0.25,0.7130000000000003,1,True,1.5,1.5
523,0.25,1.0450000000000006,1,True,1.5,1.5
524,0.25,0.3970000000000001,1,True,1.5,1.5
525,0.25,0.4210000000000001,1,True,1.5,1.5
526,0.25,1.2050000000000007,1,True,1.5,1.5
527,0.25,0.5260000000000001,1,True,1.5,1.5
528,0.25,0.5070000000000001,1,True,1.5,1.5
529,0.25,0.9510000000000005,1,True,1.5,1.5
530,0.25,0.6350000000000002,0,False,1.5,1.5
531,0.25,0.5570000000000002,0,False,1.5,1.5
532,0.25,0.5380000000000001,1,True,1.5,1.5
533,0.25,0.8230000000000004,0,False,1.5,1.5
534,0.25,0.8580000000000003,1,True,1.5,1.5
535,0.25,1.0370000000000006,1,True,1.5,1.5
536,0.25,0.7020000000000003,1,True,1.5,1.5
537,0.25,0.4240000000000001,1,True,1.5,1.5
538,0.25,0.7910000000000004,1,True,1.5,1.5
539,0.25,0.8100000000000003,1,True,1.5,1.5
540,0.25,0.43400000000000005,1,True,1.5,1.5
541,0.25,1.2190000000000007,1,True,1.5,1.5
542,0.25,0.36100000000000004,1,True,1.5,1.5
543,0.25,0.8810000000000004,1,True,1.5,1.5
544,0.25,0.6740000000000003,1,True,1.5,1.5
545,0.25,0.9150000000000005,1,True,1.5,1.5
546,0.25,1.0090000000000006,1,True,1.5,1.5
547,0.25,0.5990000000000002,1,True,1.5,1.5
548,0.25,0.7100000000000003,1,True,1.5,1.5
549,0.25,0.7680000000000003,1,True,1.5,1.5
550,0.25,0.4060000000000001,1,True,1.5,1.5
551,0.25,1.3369999999999966,0,False,1.5,1.5
552,0.25,0.8280000000000003,1,True,1.5,1.5
553,0.25,0.6510000000000002,1,True,1.5,1.5
554,0.25,0.42600000000000005,1,True,1.5,1.5
555,0.25,0.9120000000000004,1,True,1.5,1.5
556,0.25,1.1760000000000006,1,True,1.5,1.5
557,0.25,0.6990000000000003,1,True,1.5,1.5
558,0.25,0.5270000000000001,1,True,1.5,1.5
559,0.25,0.34500000000000003,1,True,1.5,1.5
560,0.25,0.7380000000000003,1,True,1.5,1.5
561,0.25,0.39200000000000007,1,True,1.5,1.5
562,0.25,1.0090000000000006,1,True,1.5,1.5
563,0.25,0.45300000000000007,1,True,1.5,1.5
564,0.25,0.5880000000000002,1,True,1.5,1.5
565,0.25,0.4950000000000001,1,True,1.5,1.5
566,0.25,0.6260000000000002,1,True,1.5,1.5
567,0.25,0.8200000000000003,1,True,1.5,1.5
568,0.25,0.38300000000000006,1,True,1.5,1.5
569,0.25,0.5900000000000002,1,True,1.5,1.5
570,0.25,1.1100000000000005,1,True,1.5,1.5
571,0.25,0.5540000000000002,1,True,1.5,1.5
572,0.25,0.6160000000000002,1,True,1.5,1.5
573,0.25,0.5000000000000001,1,True,1.5,1.5
574,0.25,0.5160000000000001,1,True,1.5,1.5
575,0.25,1.1890000000000007,1,True,1.5,1.5
576,0.25,0.5420000000000001,1,True,1.5,1.5
577,0.25,0.5000000000000001,1,True,1.5,1.5
578,0.25,0.4630000000000001,1,True,1.5,1.5
579,0.25,0.5730000000000002,1,True,1.5,1.5
580,0.25,0.7390000000000003,1,True,1.5,1.5
581,0.25,0.4740000000000001,1,True,1.5,1.5
582,0.25,0.34700000000000003,1,True,1.5,1.5
583,0.25,0.3960000000000001,1,True,1.5,1.5
584,0.25,0.5650000000000002,1,True,1.5,1.5
585,0.25,0.6270000000000002,1,True,1.5,1.5
586,0.25,0.5400000000000001,1,True,1.5,1.5
587,0.25,0.5010000000000001,1,True,1.5,1.5
588,0.25,0.4200000000000001,1,True,1.5,1.5
589,0.25,0.6650000000000003,1,True,1.5,1.5
590,0.25,0.5280000000000001,1,True,1.5,1.5
591,0.25,0.5670000000000002,1,True,1.5,1.5
592,0.25,0.6190000000000002,1,True,1.5,1.5
593,0.25,0.4940000000000001,1,True,1.5,1.5
594,0.25,0.5100000000000001,1,True,1.5,1.5
595,0.25,0.8500000000000003,1,True,1.5,1.5
596,0.25,0.5960000000000002,1,True,1.5,1.5
597,0.25,0.43400000000000005,1,True,1.5,1.5
598,0.25,0.5320000000000001,1,True,1.5,1.5
599,0.25,0.4600000000000001,1,True,1.5,1.5
600,0.25,0.7640000000000003,1,True,1.5,1.5
601,0.25,0.9320000000000004,1,True,1.5,1.5
602,0.25,1.2940000000000007,1,True,1.5,1.5
603,0.25,0.5620000000000002,1,True,1.5,1.5
604,0.25,0.6480000000000002,1,True,1.5,1.5
605,0.25,0.8630000000000004,1,True,1.5,1.5
606,0.25,0.8210000000000004,1,True,1.5,1.5
607,0.25,0.7790000000000004,1,True,1.5,1.5
608,0.25,0.4940000000000001,1,True,1.5,1.5
609,0.25,0.6740000000000003,1,True,1.5,1.5
610,0.25,0.42700000000000005,1,True,1.5,1.5
611,0.25,0.6650000000000003,1,True,1.5,1.5
612,0.25,0.6720000000000003,0,False,1.5,1.5
613,0.25,0.6270000000000002,1,True,1.5,1.5
614,0.25,1.0540000000000005,1,True,1.5,1.5
615,0.25,0.8610000000000004,1,True,1.5,1.5
616,0.25,0.9560000000000004,1,True,1.5,1.5
617,0.25,0.4580000000000001,1,True,1.5,1.5
618,0.25,0.6690000000000003,1,True,1.5,1.5
619,0.25,0.7470000000000003,1,True,1.5,1.5
620,0.25,0.5020000000000001,1,True,1.5,1.5
621,0.25,0.5900000000000002,1,True,1.5,1.5
622,0.25,0.5680000000000002,1,True,1.5,1.5
623,0.25,0.8660000000000003,1,True,1.5,1.5
624,0.25,1.6389999999999634,1,True,1.5,1.5
625,0.25,0.44600000000000006,1,True,1.5,1.5
626,0.25,1.1430000000000007,1,True,1.5,1.5
627,0.25,0.5840000000000002,1,True,1.5,1.5
628,0.25,0.8290000000000004,1,True,1.5,1.5
629,0.25,0.4150000000000001,1,True,1.5,1.5
630,0.25,0.5460000000000002,1,True,1.5,1.5
631,0.25,0.6020000000000002,1,True,1.5,1.5
632,0.25,0.42900000000000005,1,True,1.5,1.5
633,0.25,0.5620000000000002,1,True,1.5,1.5
634,0.25,0.7960000000000004,0,False,1.5,1.5
635,0.25,0.5290000000000001,1,True,1.5,1.5
636,0.25,0.44300000000000006,1,True,1.5,1.5
637,0.25,0.6380000000000002,1,True,1.5,1.5
638,0.25,0.5760000000000002,1,True,1.5,1.5
639,0.25,1.1890000000000007,1,True,1.5,1.5
640,0.25,0.4120000000000001,1,True,1.5,1.5
641,0.25,1.0200000000000005,1,True,1.5,1.5
642,0.25,1.1220000000000006,1,True,1.5,1.5
643,0.25,0.37300000000000005,1,True,1.5,1.5
644,0.25,0.6430000000000002,1,True,1.5,1.5
645,0.25,0.7410000000000003,1,True,1.5,1.5
646,0.25,0.43700000000000006,1,True,1.5,1.5
647,0.25,1.2000000000000006,1,True,1.5,1.5
648,0.25,0.4580000000000001,1,True,1.5,1.5
649,0.25,1.5489999999999733,1,True,1.5,1.5
650,0.25,0.7920000000000004,1,True,1.5,1.5
651,0.25,0.6460000000000002,1,True,1.5,1.5
652,0.25,0.4170000000000001,1,True,1.5,1.5
653,0.25,0.4580000000000001,1,True,1.5,1.5
654,0.25,0.9910000000000005,1,True,1.5,1.5
655,0.25,0.5190000000000001,0,False,1.5,1.5
656,0.25,0.9800000000000004,1,True,1.5,1.5
657,0.25,0.7910000000000004,1,True,1.5,1.5
658,0.25,0.36700000000000005,1,True,1.5,1.5
659,0.25,0.5930000000000002,0,False,1.5,1.5
660,0.25,0.44600000000000006,0,False,1.5,1.5
661,0.25,0.5360000000000001,0,False,1.5,1.5
662,0.25,0.7510000000000003,1,True,1.5,1.5
663,0.25,1.1740000000000006,1,True,1.5,1.5
664,0.25,0.3990000000000001,1,True,1.5,1.5
665,0.25,0.6000000000000002,1,True,1.5,1.5
666,0.25,0.34800000000000003,1,True,1.5,1.5
667,0.4,0.5920000000000002,1,True,3.0,1.5
668,0.4,0.6340000000000002,1,True,3.0,1.5
669,0.4,0.4140000000000001,1,True,3.0,1.5
670,0.4,0.4000000000000001,1,True,3.0,1.5
671,0.4,0.5580000000000002,1,True,3.0,1.5
672,0.4,0.38900000000000007,1,True,3.0,1.5
673,0.4,0.4600000000000001,1,True,3.0,1.5
674,0.4,0.4920000000000001,1,True,3.0,1.5
675,0.4,0.5450000000000002,1,True,3.0,1.5
676,0.4,0.5270000000000001,1,True,3.0,1.5
677,0.4,0.4080000000000001,1,True,3.0,1.5
678,0.4,1.1170000000000007,1,True,3.0,1.5
679,0.4,0.7230000000000003,1,True,3.0,1.5
680,0.4,0.6100000000000002,1,True,3.0,1.5
681,0.4,0.3990000000000001,1,True,3.0,1.5
682,0.4,0.4010000000000001,1,True,3.0,1.5
683,0.4,0.6500000000000002,1,True,3.0,1.5
684,0.4,0.4110000000000001,1,True,3.0,1.5
685,0.4,0.5280000000000001,1,True,3.0,1.5
686,0.4,0.4980000000000001,1,True,3.0,1.5
687,0.4,0.4700000000000001,1,True,3.0,1.5
688,0.4,0.7870000000000004,1,True,3.0,1.5
689,0.4,0.4750000000000001,1,True,3.0,1.5
690,0.4,0.6050000000000002,1,True,3.0,1.5
691,0.4,0.4180000000000001,1,True,3.0,1.5
692,0.4,0.4110000000000001,1,True,3.0,1.5
693,0.4,0.6450000000000002,1,True,3.0,1.5
694,0.4,0.4750000000000001,1,True,3.0,1.5
695,0.4,0.6430000000000002,1,True,3.0,1.5
696,0.4,0.6250000000000002,1,True,3.0,1.5
697,0.4,0.37100000000000005,1,True,3.0,1.5
698,0.4,0.5950000000000002,1,True,3.0,1.5
699,0.4,0.35200000000000004,1,True,3.0,1.5
700,0.4,0.5300000000000001,1,True,3.0,1.5
701,0.4,0.35200000000000004,1,True,3.0,1.5
702,0.4,0.45500000000000007,1,True,3.0,1.5
703,0.4,0.5010000000000001,1,True,3.0,1.5
704,0.4,0.38000000000000006,1,True,3.0,1.5
705,0.4,0.35700000000000004,1,True,3.0,1.5
706,0.4,0.45400000000000007,1,True,3.0,1.5
707,0.4,0.44100000000000006,1,True,3.0,1.5
708,0.4,0.3940000000000001,1,True,3.0,1.5
709,0.4,0.4620000000000001,1,True,3.0,1.5
710,0.4,0.42900000000000005,1,True,3.0,1.5
711,0.4,0.44500000000000006,1,True,3.0,1.5
712,0.4,0.37900000000000006,1,True,3.0,1.5
713,0.4,0.43200000000000005,1,True,3.0,1.5
714,0.4,0.4030000000000001,1,True,3.0,1.5
715,0.4,0.4660000000000001,1,True,3.0,1.5
716,0.4,0.6410000000000002,1,True,3.0,1.5
717,0.4,0.8240000000000003,1,True,3.0,1.5
718,0.4,0.42600000000000005,1,True,3.0,1.5
719,0.4,0.4940000000000001,1,True,3.0,1.5
720,0.4,0.7820000000000004,1,True,3.0,1.5
721,0.4,0.9170000000000005,1,True,3.0,1.5
722,0.4,0.5610000000000002,1,True,3.0,1.5
723,0.4,0.5680000000000002,1,True,3.0,1.5
724,0.4,0.8710000000000004,1,True,3.0,1.5
725,0.4,0.6810000000000003,1,True,3.0,1.5
726,0.4,0.3990000000000001,1,True,3.0,1.5
727,0.4,0.45100000000000007,1,True,3.0,1.5
728,0.4,0.43800000000000006,1,True,3.0,1.5
729,0.4,0.5940000000000002,1,True,3.0,1.5
730,0.4,0.6430000000000002,1,True,3.0,1.5
731,0.4,0.5340000000000001,1,True,3.0,1.5
732,0.4,0.36900000000000005,1,True,3.0,1.5
733,0.4,0.6220000000000002,1,True,3.0,1.5
734,0.4,0.6330000000000002,1,True,3.0,1.5
735,0.4,0.6820000000000003,1,True,3.0,1.5
736,0.4,0.5500000000000002,1,True,3.0,1.5
737,0.4,0.44800000000000006,1,True,3.0,1.5
738,0.4,0.5590000000000002,1,True,3.0,1.5
739,0.4,0.5630000000000002,1,True,3.0,1.5
740,0.4,0.44200000000000006,1,True,3.0,1.5
741,0.4,0.9250000000000005,1,True,3.0,1.5
742,0.4,0.5140000000000001,1,True,3.0,1.5
743,0.4,0.4910000000000001,1,True,3.0,1.5
744,0.4,0.9370000000000005,1,True,3.0,1.5
745,0.4,0.4980000000000001,1,True,3.0,1.5
746,0.4,0.8750000000000004,1,True,3.0,1.5
747,0.4,0.42700000000000005,1,True,3.0,1.5
748,0.4,0.5270000000000001,1,True,3.0,1.5
749,0.4,0.5390000000000001,1,True,3.0,1.5
750,0.4,0.4980000000000001,1,True,3.0,1.5
751,0.4,0.6520000000000002,1,True,3.0,1.5
752,0.4,0.42500000000000004,1,True,3.0,1.5
753,0.4,0.4040000000000001,1,True,3.0,1.5
754,0.4,1.0950000000000006,1,True,3.0,1.5
755,0.4,0.4860000000000001,1,True,3.0,1.5
756,0.4,0.43000000000000005,1,True,3.0,1.5
757,0.4,0.45500000000000007,1,True,3.0,1.5
758,0.4,0.4090000000000001,1,True,3.0,1.5
759,0.4,0.4150000000000001,1,True,3.0,1.5
760,0.4,0.6730000000000003,1,True,3.0,1.5
761,0.4,0.5230000000000001,1,True,3.0,1.5
762,0.4,0.38400000000000006,1,True,3.0,1.5
763,0.4,0.5630000000000002,1,True,3.0,1.5
764,0.4,0.7050000000000003,1,True,3.0,1.5
765,0.4,0.5720000000000002,1,True,3.0,1.5
766,0.4,0.36900000000000005,1,True,3.0,1.5
767,0.4,0.8440000000000003,1,True,3.0,1.5
768,0.4,0.36900000000000005,1,True,3.0,1.5
769,0.4,0.4960000000000001,1,True,3.0,1.5
770,0.4,0.6370000000000002,1,True,3.0,1.5
771,0.4,0.43600000000000005,1,True,3.0,1.5
772,0.4,0.4180000000000001,1,True,3.0,1.5
773,0.4,0.8340000000000003,1,True,3.0,1.5
774,0.4,0.4220000000000001,1,True,3.0,1.5
775,0.4,0.7570000000000003,1,True,3.0,1.5
776,0.4,0.7660000000000003,1,True,3.0,1.5
777,0.4,0.39300000000000007,1,True,3.0,1.5
778,0.4,0.43500000000000005,1,True,3.0,1.5
779,0.4,0.5940000000000002,1,True,3.0,1.5
780,0.4,0.5080000000000001,1,True,3.0,1.5
781,0.4,0.6820000000000003,1,True,3.0,1.5
782,0.4,0.37200000000000005,1,True,3.0,1.5
783,0.4,0.6650000000000003,1,True,3.0,1.5
784,0.4,1.0290000000000006,1,True,3.0,1.5
785,0.4,0.6070000000000002,1,True,3.0,1.5
786,0.4,1.3549999999999947,1,True,3.0,1.5
787,0.4,0.4590000000000001,1,True,3.0,1.5
788,0.4,0.6080000000000002,1,True,3.0,1.5
789,0.4,0.4220000000000001,1,True,3.0,1.5
790,0.4,0.6610000000000003,1,True,3.0,1.5
791,0.4,0.9170000000000005,1,True,3.0,1.5
792,0.4,0.5160000000000001,1,True,3.0,1.5
793,0.4,0.44600000000000006,1,True,3.0,1.5
794,0.4,0.3940000000000001,1,True,3.0,1.5
795,0.4,0.42800000000000005,1,True,3.0,1.5
796,0.4,0.44900000000000007,1,True,3.0,1.5
797,0.4,0.5280000000000001,1,True,3.0,1.5
798,0.4,0.36600000000000005,1,True,3.0,1.5
799,0.4,0.4600000000000001,1,True,3.0,1.5
800,0.4,0.4080000000000001,1,True,3.0,1.5
801,0.4,0.4950000000000001,1,True,3.0,1.5
802,0.4,0.43600000000000005,1,True,3.0,1.5
803,0.4,0.5420000000000001,1,True,3.0,1.5
804,0.4,0.44800000000000006,1,True,3.0,1.5
805,0.4,0.6560000000000002,1,True,3.0,1.5
806,0.4,0.4110000000000001,1,True,3.0,1.5
807,0.4,0.7010000000000003,1,True,3.0,1.5
808,0.4,0.38400000000000006,1,True,3.0,1.5
809,0.4,0.38100000000000006,1,True,3.0,1.5
810,0.4,0.5800000000000002,1,True,3.0,1.5
811,0.4,0.9680000000000004,1,True,3.0,1.5
812,0.4,0.4120000000000001,1,True,3.0,1.5
813,0.4,0.4240000000000001,1,True,3.0,1.5
814,0.4,0.4800000000000001,1,True,3.0,1.5
815,0.4,0.5770000000000002,1,True,3.0,1.5
816,0.4,0.4640000000000001,1,True,3.0,1.5
817,0.4,0.6220000000000002,1,True,3.0,1.5
818,0.4,0.6100000000000002,1,True,3.0,1.5
819,0.4,0.39200000000000007,1,True,3.0,1.5
820,0.4,0.6320000000000002,1,True,3.0,1.5
821,0.4,0.44100000000000006,1,True,3.0,1.5
822,0.4,0.36700000000000005,1,True,3.0,1.5
823,0.4,0.5250000000000001,1,True,3.0,1.5
824,0.4,0.5800000000000002,1,True,3.0,1.5
825,0.4,0.4760000000000001,1,True,3.0,1.5
826,0.4,0.7040000000000003,1,True,3.0,1.5
827,0.4,0.5480000000000002,1,True,3.0,1.5
828,0.4,0.4720000000000001,1,True,3.0,1.5
829,0.4,0.6190000000000002,1,True,3.0,1.5
830,0.4,0.6570000000000003,1,True,3.0,1.5
831,0.4,0.44400000000000006,1,True,3.0,1.5
832,0.4,0.35300000000000004,1,True,3.0,1.5
833,0.4,0.4190000000000001,1,True,3.0,1.5
834,0.4,0.5490000000000002,1,True,3.0,1.5
835,0.4,0.5060000000000001,1,True,3.0,1.5
836,0.4,0.8380000000000003,1,True,3.0,1.5
837,0.4,0.4170000000000001,1,True,3.0,1.5
838,0.4,0.6060000000000002,1,True,3.0,1.5
839,0.4,0.8120000000000003,1,True,3.0,1.5
840,0.4,0.5650000000000002,1,True,3.0,1.5
841,0.4,0.7400000000000003,1,True,3.0,1.5
842,0.4,0.4150000000000001,1,True,3.0,1.5
843,0.4,0.6610000000000003,1,True,3.0,1.5
844,0.4,0.4590000000000001,1,True,3.0,1.5
845,0.4,1.1160000000000005,1,True,3.0,1.5
846,0.4,0.6760000000000003,1,True,3.0,1.5
847,0.4,1.0610000000000006,1,True,3.0,1.5
848,0.4,0.37800000000000006,1,True,3.0,1.5
849,0.4,0.4160000000000001,1,True,3.0,1.5
850,0.4,0.6100000000000002,1,True,3.0,1.5
851,0.4,0.8880000000000003,1,True,3.0,1.5
852,0.4,0.337,1,True,3.0,1.5
853,0.4,0.45600000000000007,1,True,3.0,1.5
854,0.4,0.4570000000000001,1,True,3.0,1.5
855,0.4,0.5150000000000001,1,True,3.0,1.5
856,0.4,0.8170000000000004,1,True,3.0,1.5
857,0.4,0.4870000000000001,1,True,3.0,1.5
858,0.4,0.5190000000000001,1,True,3.0,1.5
859,0.4,0.5140000000000001,1,True,3.0,1.5
860,0.4,0.36700000000000005,1,True,3.0,1.5
861,0.4,0.45600000000000007,1,True,3.0,1.5
862,0.4,0.5150000000000001,1,True,3.0,1.5
863,0.4,0.5460000000000002,1,True,3.0,1.5
864,0.4,0.4960000000000001,1,True,3.0,1.5
865,0.4,0.7530000000000003,1,True,3.0,1.5
866,0.4,0.4200000000000001,1,True,3.0,1.5
867,0.4,0.36800000000000005,1,True,3.0,1.5
868,0.4,0.4970000000000001,1,True,3.0,1.5
869,0.4,0.38700000000000007,1,True,3.0,1.5
870,0.4,0.7190000000000003,1,True,3.0,1.5
871,0.4,0.6140000000000002,1,True,3.0,1.5
872,0.4,0.6500000000000002,1,True,3.0,1.5
873,0.4,0.37700000000000006,1,True,3.0,1.5
874,0.4,0.6630000000000003,1,True,3.0,1.5
875,0.4,0.38200000000000006,1,True,3.0,1.5
876,0.4,0.4640000000000001,1,True,3.0,1.5
877,0.4,0.4170000000000001,1,True,3.0,1.5
878,0.4,0.7840000000000004,1,True,3.0,1.5
879,0.4,0.341,1,True,3.0,1.5
880,0.4,0.4690000000000001,1,True,3.0,1.5
881,0.4,0.5900000000000002,1,True,3.0,1.5
882,0.4,0.5130000000000001,1,True,3.0,1.5
883,0.4,0.7120000000000003,1,True,3.0,1.5
884,0.4,0.4940000000000001,1,True,3.0,1.5
885,0.4,0.4130000000000001,1,True,3.0,1.5
886,0.4,0.5190000000000001,1,True,3.0,1.5
887,0.4,0.5780000000000002,1,True,3.0,1.5
888,0.4,0.5980000000000002,1,True,3.0,1.5
889,0.4,0.7390000000000003,1,True,3.0,1.5
890,0.4,0.4790000000000001,1,True,3.0,1.5
891,0.4,0.7470000000000003,1,True,3.0,1.5
892,0.4,0.6050000000000002,1,True,3.0,1.5
893,0.4,0.45400000000000007,1,True,3.0,1.5
894,0.4,0.6050000000000002,1,True,3.0,1.5
895,0.4,0.6140000000000002,1,True,3.0,1.5
896,0.4,0.6530000000000002,1,True,3.0,1.5
897,0.4,0.5390000000000001,1,True,3.0,1.5
898,0.4,0.5000000000000001,1,True,3.0,1.5
899,0.4,0.5720000000000002,1,True,3.0,1.5
900,0.4,0.4770000000000001,1,True,3.0,1.5
901,0.4,0.5620000000000002,1,True,3.0,1.5
902,0.4,0.43100000000000005,1,True,3.0,1.5
903,0.4,0.4880000000000001,1,True,3.0,1.5
904,0.4,0.335,1,True,3.0,1.5
905,0.4,0.6010000000000002,0,False,3.0,1.5
906,0.4,0.9670000000000005,1,True,3.0,1.5
907,0.4,0.4790000000000001,1,True,3.0,1.5
908,0.4,0.4110000000000001,1,True,3.0,1.5
909,0.4,0.5830000000000002,1,True,3.0,1.5
910,0.4,0.5690000000000002,1,True,3.0,1.5
911,0.4,0.35200000000000004,1,True,3.0,1.5
912,0.4,0.6110000000000002,0,False,3.0,1.5
913,0.4,0.5110000000000001,1,True,3.0,1.5
914,0.4,0.8630000000000004,1,True,3.0,1.5
915,0.4,0.5620000000000002,1,True,3.0,1.5
916,0.4,0.6090000000000002,1,True,3.0,1.5
917,0.4,0.45000000000000007,1,True,3.0,1.5
918,0.4,0.4140000000000001,1,True,3.0,1.5
919,0.4,0.5150000000000001,1,True,3.0,1.5
920,0.4,0.4000000000000001,1,True,3.0,1.5
921,0.4,0.5920000000000002,1,True,3.0,1.5
922,0.4,0.9280000000000004,1,True,3.0,1.5
923,0.4,0.5450000000000002,1,True,3.0,1.5
924,0.4,0.4610000000000001,1,True,3.0,1.5
925,0.4,0.4740000000000001,1,True,3.0,1.5
926,0.4,0.36100000000000004,1,True,3.0,1.5
927,0.4,0.39000000000000007,1,True,3.0,1.5
928,0.4,0.5890000000000002,1,True,3.0,1.5
929,0.4,0.6600000000000003,1,True,3.0,1.5
930,0.4,0.3950000000000001,1,True,3.0,1.5
931,0.4,0.5250000000000001,1,True,3.0,1.5
932,0.4,0.43500000000000005,1,True,3.0,1.5
933,0.4,0.5590000000000002,1,True,3.0,1.5
934,0.4,0.4930000000000001,1,True,3.0,1.5
935,0.4,0.6710000000000003,1,True,3.0,1.5
936,0.4,0.45300000000000007,1,True,3.0,1.5
937,0.4,0.42500000000000004,1,True,3.0,1.5
938,0.4,0.4710000000000001,1,True,3.0,1.5
939,0.4,0.5710000000000002,1,True,3.0,1.5
940,0.4,0.5730000000000002,1,True,3.0,1.5
941,0.4,0.44000000000000006,1,True,3.0,1.5
942,0.4,0.42600000000000005,0,False,3.0,1.5
943,0.4,0.42800000000000005,1,True,3.0,1.5
944,0.4,0.4130000000000001,1,True,3.0,1.5
945,0.4,0.7200000000000003,1,True,3.0,1.5
946,0.4,0.5850000000000002,1,True,3.0,1.5
947,0.4,0.4100000000000001,1,True,3.0,1.5
948,0.4,0.5130000000000001,1,True,3.0,1.5
949,0.4,0.5040000000000001,1,True,3.0,1.5
950,0.4,0.7890000000000004,1,True,3.0,1.5
951,0.4,0.5260000000000001,1,True,3.0,1.5
952,0.4,0.44000000000000006,1,True,3.0,1.5
953,0.4,0.8710000000000004,1,True,3.0,1.5
954,0.4,0.36900000000000005,1,True,3.0,1.5
955,0.4,0.43100000000000005,1,True,3.0,1.5
956,0.4,0.7740000000000004,1,True,3.0,1.5
957,0.4,0.5130000000000001,1,True,3.0,1.5
958,0.4,0.4110000000000001,1,True,3.0,1.5
959,0.4,0.44100000000000006,1,True,3.0,1.5
960,0.4,0.6330000000000002,1,True,3.0,1.5
961,0.4,0.5050000000000001,1,True,3.0,1.5
962,0.4,0.4770000000000001,1,True,3.0,1.5
963,0.4,0.44600000000000006,1,True,3.0,1.5
964,0.4,0.5580000000000002,1,True,3.0,1.5
965,0.4,0.6130000000000002,1,True,3.0,1.5
966,0.4,0.9280000000000004,1,True,3.0,1.5
967,0.4,0.3970000000000001,1,True,3.0,1.5
968,0.4,0.4760000000000001,1,True,3.0,1.5
969,0.4,0.4040000000000001,1,True,3.0,1.5
970,0.4,0.4830000000000001,1,True,3.0,1.5
971,0.4,0.4170000000000001,1,True,3.0,1.5
972,0.4,0.4100000000000001,1,True,3.0,1.5
973,0.4,1.341999999999996,1,True,3.0,1.5
974,0.4,0.5530000000000002,1,True,3.0,1.5
975,0.4,0.6870000000000003,1,True,3.0,1.5
976,0.4,0.5330000000000001,1,True,3.0,1.5
977,0.4,0.4620000000000001,1,True,3.0,1.5
978,0.4,0.4220000000000001,1,True,3.0,1.5
979,0.4,0.5420000000000001,1,True,3.0,1.5
980,0.4,0.5190000000000001,1,True,3.0,1.5
981,0.4,0.4610000000000001,1,True,3.0,1.5
982,0.4,0.43600000000000005,1,True,3.0,1.5
983,0.4,0.5620000000000002,1,True,3.0,1.5
984,0.4,0.43700000000000006,1,True,3.0,1.5
985,0.4,0.38600000000000007,1,True,3.0,1.5
986,0.4,0.5260000000000001,1,True,3.0,1.5
987,0.4,0.8000000000000003,1,True,3.0,1.5
988,0.4,1.1330000000000007,1,True,3.0,1.5
989,0.4,0.5540000000000002,1,True,3.0,1.5
990,0.4,0.5150000000000001,1,True,3.0,1.5
991,0.4,0.5000000000000001,1,True,3.0,1.5
992,0.4,0.44200000000000006,1,True,3.0,1.5
993,0.4,0.7760000000000004,1,True,3.0,1.5
994,0.4,0.4670000000000001,1,True,3.0,1.5
995,0.4,0.4880000000000001,1,True,3.0,1.5
996,0.4,0.6480000000000002,1,True,3.0,1.5
997,0.4,0.4910000000000001,1,True,3.0,1.5
998,0.4,0.5490000000000002,1,True,3.0,1.5
999,0.4,0.4010000000000001,1,True,3.0,1.5
